smiles,cid,name,broad_id
Cc1ccc(F)c(NC(=O)Nc2ccc(cc2)-c2cccc3[nH]nc(N)c23)c1,11485656,linifanib,BRD-K99749624-001-07-0
Fc1ccc(Nc2ncnc3cc(OCCCN4CCOCC4)c(NC(=O)C=C)cc23)cc1Cl,156414,canertinib,BRD-K50168500-001-07-9
CNC(=O)c1cccc(c1)-c1ccc2c(nc(nc2n1)N1CCOC[C@@H]1C)N1CCOC[C@@H]1C,25262792,AZD2014,BRD-K99113996-001-02-0
COCCOc1ccc(Nc2ncc(F)c(Nc3cccc(NC(=O)C=C)c3)n2)cc1,59174488,AVL-292,BRD-K87782578-001-01-4
OC1(CN(C1)C(=O)c1ccc(F)c(F)c1Nc1ccc(I)cc1F)[C@@H]1CCCCN1,16222096,cobimetinib,BRD-K03390685-001-01-7
CC(C)(F)C[C@H](N[C@@H](c1ccc(cc1)-c1ccc(cc1)S(C)(=O)=O)C(F)(F)F)C(=O)NC1(CC1)C#N,10152654,odanacatib,BRD-K22822991-001-02-3
CCCC1(CCC)CCC2(CCN(CCCN(CC)CC)C2)CC1,129869,atiprimod,BRD-K38527262-300-01-0
Clc1ccc(C(=O)NS(=O)(=O)c2ccc(Br)s2)c(Cl)c1,10160238,tasisulam,BRD-K42495768-001-01-7
COc1cc2nccc(Oc3ccc(NC(=O)Nc4cc(C)on4)c(Cl)c3)c2cc1OC,9911830,tivozanib,BRD-K53414658-001-08-2
Cc1ccccc1CN1C2=NCCN2C2=C(CN(Cc3ccccc3)CC2)C1=O,73777259,ONC201,BRD-K58529924-001-01-5
CCN(CCCOc1ccc2c(Nc3cc(CC(=O)Nc4cccc(F)c4)[nH]n3)ncnc2c1)CCOP(O)(O)=O,11497983,barasertib,BRD-K31928526-001-02-1
CN(NC(=O)CC(=O)NN(C)C(=S)c1ccccc1)C(=S)c1ccccc1,300471,elesclomol,BRD-K82135108-001-04-3
CN1CCN(CC1)C1CCN(CC1)C(=O)Nc1cc(Oc2ccc(NC(=O)C3(CC3)C(=O)Nc3ccc(F)cc3)c(F)c2)ccn1,16118392,golvatinib,BRD-K69001009-001-02-8
C[C@@H]1COC(Nc2ccc3ncnc(Nc4ccc(OCc5nccs5)c(Cl)c4)c3c2)=N1,42642648,ARRY-334543,BRD-K46386702-001-02-1
NS(=O)(=O)c1ccc(cc1)S(=O)(=O)Nc1cccc2c(Cl)c[nH]c12,216468,indisulam,BRD-K17610631-001-03-3
CCOc1cc2ncc(C#N)c(Nc3ccc(F)c(Cl)c3)c2cc1NC(=O)\C=C\CN(C)C,6445562,pelitinib,BRD-K08799216-001-05-3
CCNC(=O)C[C@@H]1N=C(c2ccc(Cl)cc2)c2cc(OC)ccc2-n2c(C)nnc12,46943432,I-BET-762,BRD-K08109215-001-06-4
COc1cc2c(Nc3ccc(Br)cc3F)ncnc2cc1OCC1CCN(C)CC1,3081361,vandetanib,BRD-K77625799-001-07-7
Cc1nc(NC(=O)N2CCC[C@H]2C(N)=O)sc1-c1ccnc(c1)C(C)(C)C(F)(F)F,56649450,alpelisib,BRD-K54997624-001-06-0
Cc1c(nc2ccc(F)cc2c1C(O)=O)-c1ccc(cc1)-c1ccccc1F,57030,brequinar,BRD-K96123349-236-02-8
COc1cc(ccc1Nc1ncc(c(Nc2cccc(NC(=O)C=C)c2)n1)C(F)(F)F)N1CCN(CC1)C(C)=O,57335384,rociletinib,BRD-K33610132-001-02-9
COc1cc2ncnc(Nc3ccc(F)c(Cl)c3)c2cc1NC(=O)\C=C\CN1CCCCC1,11511120,dacomitinib,BRD-K57169635-001-04-5
COCC(=O)NC\C=C\c1ccc2ncnc(Nc3ccc(Oc4ccc(C)nc4)c(C)c3)c2c1,9874913,CP-724714,BRD-K76908866-001-07-6
O=C1Nc2ccccc2\C1=C1\Nc2ccccc2C1=O,10177,indirubin,BRD-K17894950-001-14-3
Cc1ccc(C(=O)Nc2ccc(Oc3cc4cnn(C)c4cc3-c3cn[nH]c3)c(F)c2)c(=O)n1-c1ccc(F)cc1,44603533,LY2801653,BRD-K18961567-001-01-1
COc1cc2c(Nc3ccc(Cl)c(Cl)c3F)ncnc2cc1OC[C@H]1C[C@H]2CN(C)C[C@H]2C1,10458325,XL-647,BRD-K03765900-001-01-9
Cn1ncc(Cl)c1-c1cc(oc1Cl)C(=O)N[C@H](CN)Cc1ccc(F)c(F)c1,51042438,uprosertib,BRD-K38332599-001-01-3
COC(=O)[C@]12CCC(C)(C)C[C@H]1[C@H]1C(=O)C=C3[C@@]4(C)C=C(C#N)C(=O)C(C)(C)[C@@H]4CC[C@@]3(C)[C@]1(C)CC2,400769,bardoxolone-methyl,BRD-K69694239-001-02-2
CNC(=O)CN1CCC(CC1)Oc1cc2c(Nc3cccc(Cl)c3F)ncnc2cc1OC,11488320,AZD8931,BRD-K98572433-001-02-9
COC(=O)C[C@](O)(CCCC(C)(C)O)C(=O)O[C@H]1[C@H]2c3cc4OCOc4cc3CCN3CCC[C@]23C=C1OC,285033,homoharringtonine,BRD-K76674262-001-03-3
N#CC[C@H](C1CCCC1)n1cc(cn1)-c1ncnc2[nH]ccc12,25126798,ruxolitinib,BRD-K53972329-001-07-0
COc1cc(N(C)CCN(C)C)c(NC(=O)C=C)cc1Nc1nccc(n1)-c1cn(C)c2ccccc12,71496458,osimertinib,BRD-K42805893-001-04-9
Cc1cc2c(cc1C(=C)c1ccc(cc1)C(O)=O)C(C)(C)CCC2(C)C,82146,bexarotene,BRD-K92441787-001-04-1
CC[C@H](Nc1ncnc2[nH]cnc12)c1nc2cccc(F)c2c(=O)n1-c1ccccc1,11625818,idelalisib,BRD-K60866521-001-07-1
COc1cc(ccc1NC(=O)[C@@H]1N[C@@H](CC(C)(C)C)[C@@](C#N)([C@H]1c1cccc(Cl)c1F)c1ccc(Cl)cc1F)C(O)=O,53358942,idasanutlin,BRD-K62627508-001-01-5
COc1cc2nccc(Oc3ccc(NC(=O)NC4CC4)c(Cl)c3)c2cc1C(N)=O,9823820,lenvatinib,BRD-K39974922-001-04-3
ONC(=O)\C=C\c1cccc(c1)S(=O)(=O)Nc1ccccc1,6918638,belinostat,BRD-K17743125-001-08-4
CC(C)C[C@H](NC(=O)[C@H](CCc1ccccc1)NC(=O)CN1CCOCC1)C(=O)N[C@@H](Cc1ccccc1)C(=O)N[C@@H](CC(C)C)C(=O)[C@@]1(C)CO1,11556711,carfilzomib,BRD-K15179879-001-03-2
NS(=O)(=O)OC[C@@H]1C[C@H](C[C@@H]1O)n1ccc2c(N[C@H]3CCc4ccccc34)ncnc12,16720766,pevonedistat,BRD-K67844266-003-01-9
Cn1ncnc1[C@@H]1[C@H](Nc2cc(F)cc3c2c1n[nH]c3=O)c1ccc(F)cc1,135565082,talazoparib,BRD-K95142244-001-01-5
C[C@]12CCC3C(CCc4cc(OC(=O)N(CCCl)CCCl)ccc34)C1CC[C@@H]2O,51371328,estramustine,BRD-A70858459-001-01-7
C[C@@H](NCCCc1cccc(c1)C(F)(F)F)c1cccc2ccccc12,156419,cinacalcet,BRD-K73838513-003-05-5
C#Cc1cccc(Nc2ncnc3cc4OCCOCCOCCOc4cc23)c1,22024915,icotinib,BRD-K31698212-001-02-9
CCN1CCN(Cc2ccc(Nc3ncc(F)c(n3)-c3cc(F)c4nc(C)n(C(C)C)c4c3)nc2)CC1,46220502,abemaciclib,BRD-K33622447-066-01-9
Clc1cc(ccc1C(=O)Nc1ccc(Cl)c(c1)-c1ccccn1)S(C)(=O)=O,24776445,vismodegib,BRD-K44827188-001-06-0
Clc1cccc(Cl)c1C(=O)Nc1c[nH]nc1C(=O)NC1CCNCC1,11338033,AT-7519,BRD-K13390322-001-06-3
COc1cc2c(Oc3ccc(NC(=O)C4(CC4)C(=O)Nc4ccc(F)cc4)cc3F)ccnc2cc1OCCCN1CCOCC1,42642645,foretinib,BRD-K03449891-001-08-6
CN1CC[C@H]([C@@H]1CO)c1c(O)cc(O)c2c1oc(cc2=O)-c1ccccc1Cl,23643976,P276-00,BRD-K51791723-003-01-7
O=C1NC(=O)[C@H]([C@@H]1c1c[nH]c2ccccc12)c1cn2CCCc3cccc1c23,11494412,tivantinib,BRD-K33379087-001-07-5
Cc1cc(Nc2ncnc3ccc(NC4=NC(C)(C)CO4)cc23)ccc1Oc1ccn2ncnc2c1,51039094,tucatinib,BRD-K26026438-001-01-0
CCOc1cc2ncc(C#N)c(Nc3ccc(OCc4ccccn4)c(Cl)c3)c2cc1NC(=O)\C=C\CN(C)C,9915743,neratinib,BRD-K85606544-001-09-1
CC[C@H](CC#N)OC(=O)N[C@@H](C)c1cccc(NC(=O)Nc2ccc(-c3cnco3)c(OC)c2)c1,9918559,AVN-944,BRD-K62196610-001-01-6
CN1CCN(CC1)c1ccc(Nc2ncc3c(n2)n(-c2cccc(n2)C(C)(C)O)n(CC=C)c3=O)cc1,24856436,MK-1775,BRD-K54256913-001-08-7
CNC(=O)c1ccc(cc1F)-c1cnc2ncc(Cc3ccc4ncccc4c3)n2n1,25145656,INC-280,BRD-K81016934-001-02-0
CNC(=O)c1cc(Oc2ccc(NC(=O)Nc3ccc(Cl)c(c3)C(F)(F)F)c(F)c2)ccn1,11167602,regorafenib,BRD-K16730910-001-10-7
CNC(=O)c1cc(Oc2ccc(NC(=O)Nc3ccc(Cl)c(c3)C(F)(F)F)c(F)c2)ccn1,11167602,regorafenib,BRD-K16730910-001-07-3
CN1CCN(CCOc2cc(OC3CCOCC3)c3c(Nc4c5OCOc5ccc4Cl)ncnc3c2)CC1,10302451,saracatinib,BRD-K19540840-001-09-4
OC[C@@H](O)CNC(=O)c1ccncc1Nc1ccc(I)cc1F,44187362,AS-703026,BRD-K89014967-001-04-3
CC(C)n1nc(-c2ccc3oc(N)nc3c2)c2c(N)ncnc12,45375953,MLN0128,BRD-K59317601-001-05-5
CNC(=O)c1nn(C)c-2c1C(C)(C)Cc1cnc(Nc3ccc(cc3)N3CCN(C)CC3)nc-21,16718576,PHA-848125,BRD-K60997853-001-02-3
CC1(C)CCC(C)(C)c2cc(NC(=O)c3ccc(cc3)C(O)=O)ccc12,108143,tamibarotene,BRD-K36627727-001-05-4
Oc1cccc(c1)-c1c2CCc(n2)c(-c2cccc(O)c2)c2ccc([nH]2)c(-c2cccc(O)c2)c2ccc(n2)c(-c2cccc(O)c2)c2ccc1[nH]2,136187806,temoporfin,BRD-K63712959-001-01-8
CCc1cnn2c(NCc3ccc[n+]([O-])c3)cc(nc12)N1CCCC[C@H]1CCO,46926350,dinaciclib,BRD-K13662825-001-07-5
CCNCCS(=O)(=O)NC[C@]1(SC(NC(=O)C(C)(C)C)=NN1C(=O)C(C)(C)C)c1ccccc1,25167017,litronesib,BRD-K83029223-001-01-3
CO[C@@H]1C[C@H](C[C@@H](C)[C@@H]2CC(=O)[C@H](C)\C=C(C)\[C@@H](O)[C@@H](OC)C(=O)[C@H](C)C[C@H](C)\C=C\C=C\C=C(C)\[C@H](C[C@H]3CC[C@@H](C)[C@@](O)(O3)C(=O)C(=O)N3CCCC[C@H]3C(=O)O2)OC)CC[C@@H]1OC(=O)C(C)(CO)CO,129009966,temsirolimus,BRD-K42898655-001-01-8
Nc1nc(N)c2nc(CC(CC#C)c3ccc(cc3)C(=O)N[C@@H](CCC(O)=O)C(O)=O)cnc2n1,148121,pralatrexate,BRD-A74914197-001-02-9
CC(C)c1cc(-c2n[nH]c(=O)n2-c2ccc3n(C)ccc3c2)c(O)cc1O,135564985,ganetespib,BRD-K38852836-001-02-1
O=C(NCCCCC1CCN(CC1)C(=O)c1ccccc1)\C=C\c1cccnc1,6914657,FK-866,BRD-K58550667-001-08-7
NC1=NCC2N1c1ccccc1Cc1ccccc21,3241,epinastine,BRD-A98990573-003-01-3
CCCCC(=O)OCC(=O)[C@@]1(O)C[C@H](O[C@H]2C[C@H](NC(=O)C(F)(F)F)[C@H](O)[C@H](C)O2)c2c(O)c3C(=O)c4c(OC)cccc4C(=O)c3c(O)c2C1,454216,valrubicin,BRD-K72951360-001-01-4
CN(C)CCC(=O)O[C@@H]1[C@H](OC(C)=O)[C@@]2(C)O[C@](C)(CC(=O)[C@]2(O)[C@@]2(C)[C@@H](O)CCC(C)(C)[C@H]12)C=C,444029,colforsin-daproate,BRD-K19388745-003-01-7
[O-][N+](=O)c1cnc(s1)N1CCNC1=O,6093,niridazole,BRD-K53123955-001-10-5
COC(=O)C(C1CCCCN1)c1ccccc1,4158,methylphenidate,BRD-A19585813-003-03-3
C[C@]12CC[C@H]3[C@@H](CCc4cc(OC(=O)N(CCCl)CCCl)ccc34)[C@@H]1CC[C@@H]2OP(O)(O)=O,259329,estramustine-phosphate,BRD-K00077635-304-01-2
C\C=C1/NC(=O)[C@H]2CSSCC\C=C\[C@H](CC(=O)N[C@H](C(C)C)C(=O)N2)OC(=O)[C@@H](NC1=O)C(C)C,5352062,romidepsin,BRD-K61397605-001-03-4
COc1ccccc1OC(=O)C(C)c1ccc(CC(C)C)cc1,4464271,metoxibutropate,BRD-A71725768-001-01-3
COc1ccc(C[C@H](N)C(=O)N[C@@H]2[C@@H](CO)OC([C@@H]2O)n2cnc3c(ncnc23)N(C)C)cc1,5702164,puromycin,BRD-A28970875-300-04-9
CN1CCN(Cc2ccc(NC(=O)c3ccc(C)c(c3)C#Cc3cnc4[nH]ncc4c3)cc2C(F)(F)F)CC1,51038269,GZD824,BRD-K35329391-334-01-7
Cc1c(O)c(=O)n(-c2ccccc2)n1C,98889,4-hydroxy-phenazone,BRD-K49759007-001-11-9
COC(=O)C1=C(C)NC(C)=C([C@H]1c1ccccc1C(F)(F)F)[N+]([O-])=O,6603728,BAY-K-8644-(s)-(-),BRD-K14329163-001-03-9
Nc1cc(F)ccc1NC(=O)\C=C\c1cnn(C\C=C\c2ccccc2)c1,56650312,RGFP966,BRD-K61688984-001-02-9
COc1ccc(C[C@H](NC(=O)[C@H](C)NC(=O)CN2CCOCC2)C(=O)N[C@@H](Cc2ccccc2)C(=O)[C@]2(C)CO2)cc1,46218908,ONX-0914,BRD-K60446698-001-01-2
CCN(CC)CCOC(=O)C1(CCCC1)c1ccc(cc1)[N+]([O-])=O,3941250,nitrocaramiphen,BRD-K28453807-003-11-2
CC(=O)OCC(=O)[C@@]1(O)CC[C@H]2[C@@H]3CCC4=CC(=O)C=C[C@]4(C)[C@@]3(F)[C@@H](O)C[C@]12C,224246,isoflupredone-acetate,BRD-K29173907-001-09-2
[O-][N+]12CCC[C@@H]3CN4[C@H](CCCC4=O)[C@H](CCC1)[C@@H]23,7082413,oxymatrine,BRD-A57833392-001-01-7
CN(CCCCCCCCCCN(C)C(=O)Oc1cccc(c1)[N+](C)(C)C)C(=O)Oc1cccc(c1)[N+](C)(C)C,5966,demecarium,BRD-K51471001-303-04-7
C[C@H]1CCC[C@@]2(C)O[C@H]2C[C@H](NC(=O)C[C@H](O)C(C)(C)C(=O)[C@H](C)[C@H]1O)C(\C)=C\c1csc(C)n1,6445540,ixabepilone,BRD-K03601870-001-01-2
CCC(=O)[C@@]1(C)[C@H](C)C[C@H]2[C@@H]3CCC4=CC(=O)C=C[C@]4(C)[C@H]3[C@@H](O)C[C@]12C,5311412,rimexolone,BRD-K31627533-001-09-5
COc1ccc2nccc([C@H](O)[C@H]3C[C@@H]4CC[N@]3C[C@@H]4C=C)c2c1,441074,quinidine,BRD-K59632282-052-03-1
Cn1nnc(n1)-c1ccc(cn1)-c1ccc(cc1F)N1C[C@H](CO)OC1=O,11234049,tedizolid,BRD-K59436580-001-01-7
CCN(CC)CCNC(=O)COc1ccc(OC)cc1,4045,mefexamide,BRD-K20655524-003-12-0
CC(CCC(O)=O)[C@H]1CCC2C3C(CC(=O)[C@]12C)[C@@]1(C)CCC(=O)C[C@H]1CC3=O,6710667,dehydrocholate-acid,BRD-A11551002-001-04-6
CCCN(CCC)[C@@H]1CCc2c(OC)cccc2[C@@H]1C,6604756,UH-232-(+),BRD-K66715657-050-01-0
C[C@]12CCC3C(CCc4cc(OC(=O)c5ccccc5)ccc34)C1CC[C@@H]2O,66442,estradiol-benzoate,BRD-A74765037-001-01-1
COc1ccc(cc1)-c1nc(sc1-c1ccc(OC)cc1)C(=O)N1CCN(C)CC1,196841,FR-122047,BRD-K30990140-003-02-4
C[C@H]1O[C@H](C[C@H](O)[C@@H]1O[C@H]1C[C@H](O)[C@H](O[C@H]2C[C@H](OC(C)=O)[C@H](O[C@@H]3O[C@H](CO)[C@@H](O)[C@H](O)[C@H]3O)[C@@H](C)O2)[C@@H](C)O1)O[C@H]1CC[C@@]2(C)C(CCC3C2C[C@@H](O)[C@]2(C)[C@H](CC[C@]32O)C2=CC(=O)OC2)C1,5702228,lanatoside-c,BRD-A64242993-001-05-6
CCCCCCCC\C=C/CCCCCCCC(=O)NCCO,5283454,oleoylethanolamide,BRD-K66956375-001-11-3
CCCCc1ccc2[nH]c(NC(=O)OC)nc2c1,26596,parbendazole,BRD-K02407574-001-09-7
COC(=O)[C@H](CCCNC(N)=N)NS(=O)(=O)c1ccc(C)cc1,1550286,TAME,BRD-K72231366-001-02-3
COc1ccc2[nH]c(cc2c1)C(=O)c1ccccc1,3921152,D-64131,BRD-K26997899-001-02-2
CN1CCC(CC1)NC(=O)c1cc(on1)-c1c(O)cc(O)cc1Oc1ccc(cc1)[N+]([O-])=O,135566652,NMS-E973,BRD-K58770988-001-01-8
CC[C@H](C1OC(CC)(C[C@@H]1C)C1CC[C@](O)(CC)[C@H](C)O1)C(=O)C(C)[C@@H](O)[C@H](C)CCc1ccc(C)c(O)c1C(O)=O,6708465,lasalocid,BRD-A72711497-236-03-8
CC(C)[C@H](O)CC[C@@H](C)[C@H]1CC[C@@H]2[C@]1(C)CCC\C2=C/C=C1/C[C@@H](O)C[C@H](O)C1=C,5283734,tacalcitol,BRD-K73237276-001-01-0
NC(=O)C1CCCN1C(=O)C(Cc1c[nH]cn1)NC(=O)C1CCC(=O)N1,32281,protirelin,BRD-A16997652-001-02-3
N[C@H](C(=O)N1[C@H]2C[C@H]2C[C@H]1C#N)C12CC3CC(CC(O)(C3)C1)C2,11243969,saxagliptin,BRD-A81513827-001-03-6
[O-][N+](=O)c1ccc2NC(=O)CN=C(c3ccccc3Cl)c2c1,2802,clonazepam,BRD-K38183498-001-02-0
COc1c(O[C@@H]2O[C@H](CO)[C@@H](O)[C@H](O)[C@H]2O)cc2CC[C@H](NC(C)=O)c3cc(=O)c(SC)ccc3-c2c1OC,9915886,thiocolchicoside,BRD-K26619122-001-02-1
CC(C)NCC(O)COc1ccccc1OCC=C,4631,oxprenolol,BRD-A43671941-003-11-9
CC[C@H]([C@@H]1O[C@@H]([C@@H](C)[C@H](O)[C@H](C)C(=O)[C@H](CC)[C@H]2O[C@@]3(O[C@@]4(CC[C@](C)(O4)C4CC[C@](O)(CC)[C@H](C)O4)[C@H](O)C=C3)[C@H](C)C[C@@H]2C)[C@@H](C)C[C@H]1C)C(O)=O,6708740,narasin,BRD-A25608658-001-01-1
Oc1c(Cl)cc(Cl)c(Cl)c1Cc1c(O)c(Cl)cc(Cl)c1Cl,3598,hexachlorophene,BRD-K99792991-001-34-9
Fc1ccc(cc1)-n1cc(C2CCN(CCN3CCNC3=O)CC2)c2cc(Cl)ccc12,60149,sertindole,BRD-K69116396-001-04-1
OC(=O)CCCc1ccc(cc1)N(CCCl)CCCl,2708,chlorambucil,BRD-K29458283-001-29-9
NC(=N)NCCCCC1NC(=O)CCSSCC(NC(=O)C2CCCN2C(=O)C(Cc2c[nH]c3ccccc23)NC(=O)C(CC(O)=O)NC(=O)CNC1=O)C(N)=O,123610,eptifibatide,BRD-A90547603-001-02-5
CO[C@@H]1C[C@H]2OC[C@@]2(OC(C)=O)[C@H]2[C@@H](OC(=O)c3ccccc3)[C@@]3(O)C[C@H](OC(=O)[C@H](O)[C@@H](NC(=O)OC(C)(C)C)c4ccccc4)C(C)=C([C@@H](OC)C(=O)[C@]12C)C3(C)C,129009963,cabazitaxel,BRD-K06858286-001-01-3
CO[C@H]1[C@@H](CC(=O)O[C@H](C)C\C=C\C=C\[C@H](O)[C@H](C)C[C@H](CC=O)[C@@H]1O[C@@H]1O[C@H](C)[C@@H](O[C@H]2C[C@@](C)(OC(=O)CC(C)C)[C@@H](O)[C@H](C)O2)[C@@H]([C@H]1O)N(C)C)OC(C)=O,23817954,josamycin,BRD-K25837718-001-03-8
COc1nc(N)nc2n(cnc12)[C@@H]1O[C@H](CO)[C@@H](O)[C@@H]1O,3011155,nelarabine,BRD-K84466663-001-05-4
C[C@]12CCC3C(CCc4cc(O)ccc34)C1CC[C@@H]2OC(=O)CCC1CCCC1,5702051,estradiol-cypionate,BRD-A91452556-001-04-0
CN(C)C1CCCN(C(=O)c2ccc(NC(=O)c3ccccc3C)cc2)c2ccccc12,119369,mozavaptan,BRD-A31095847-001-02-3
CNCCn1c2c(cnc3cc4OCOc4cc23)c2cc(OC)c(OC)cc2c1=O,10294813,genz-644282,BRD-K99475619-001-01-2
NC(=O)c1nc(F)cnc1O,492405,favipiravir,BRD-K04264130-001-01-4
CN1CCN(Cc2ccc(cc2C(F)(F)F)C(=O)Nc2cnc(C)c(Nc3nccc(n3)-c3cccnc3)c2)CC1,46848036,flumatinib,BRD-K68870568-066-01-5
CC1(C)Cc2c(c(nn2-c2ccc(C(N)=O)c(N[C@H]3CC[C@H](O)CC3)c2)C(F)(F)F)C(=O)C1,24772860,SNX-2112,BRD-K71281111-001-04-3
CC(C)NC[C@@H](C(=O)N1CCN(CC1)c1ncnc2[C@@H](O)C[C@@H](C)c12)c1ccc(Cl)cc1,59671085,GDC-0068,BRD-K71480163-001-01-4
CN([C@H]1CC[C@@]2(CCCO2)C[C@@H]1N1CCCC1)C(=O)Cc1ccc(Cl)c(Cl)c1,55652,spiradoline,BRD-K28192623-066-08-1
CC(C)(CO)c1cc2cc(NC(=O)C3(CC3)c3ccc4OC(F)(F)Oc4c3)c(F)cc2n1C[C@@H](O)CO,46199646,tezacaftor,BRD-K97101532-001-02-8
CN1CCCN(CC1)c1ccc2c(n1)n1c3ccccc3sc1c(C(=O)NCc1cnc(C)cn1)c2=O,25257557,CX-5461,BRD-K12787259-001-04-3
CC(C)C[C@H](NC(=O)[C@H](Cc1ccccc1)NC(=O)CNC(=O)[C@H](C)NC(=O)[C@@H](N)Cc1ccc(O)cc1)C(O)=O,13019201,BW-180C,BRD-K57927309-001-01-7
Fc1cc(F)cc(c1)[C@@H]1CNC2(CCCC2)C(=O)N1CC(=O)Nc1ccc2C[C@]3(Cc2c1)C(=O)Nc1ncccc31,25019940,MK-3207,BRD-K66911501-003-01-2
COc1ccc(COc2cc3oc(=O)c4cc(ccc4c3cc2OC)C(C)O)cc1,11998575,palomid-529,BRD-A50998626-001-02-1
COc1ccc(Cl)cc1C(=O)NCCc1ccc(cc1)C(O)=O,41214,meglitinide,BRD-K51324732-001-01-0
Cn1cncc1[C@@](N)(c1ccc(Cl)cc1)c1ccc2n(C)c(=O)cc(-c3cccc(Cl)c3)c2c1,159324,tipifarnib,BRD-K62965247-001-04-9
OCCONC(=O)c1cc(CN2OCCCC2=O)c(F)c(F)c1Nc1ccc(I)cc1F,11548630,Ro-4987655,BRD-K64538373-001-01-4
Cc1cc(C)c(Nc2ccnc(Nc3ccc(cc3)C#N)n2)c(C)c1,214347,dapivirine,BRD-K12885236-001-02-7
CO[C@@H]1[C@@H](C[C@H]2O[C@]1(C)n1c3ccccc3c3c4CNC(=O)c4c4c5ccccc5n2c4c13)N(C)C(=O)c1ccccc1,9829523,midostaurin,BRD-K13646352-001-03-8
COc1cnc(-n2cnc(C)n2)c2[nH]cc(C(=O)C(=O)N3CCN(CC3)C(=O)c3ccccc3)c12,11317439,BMS-626529,BRD-K97883416-001-01-4
CS(=O)(=O)N1CCN(Cc2cc3nc(nc(N4CCOCC4)c3s2)-c2cccc3[nH]ncc23)CC1,17755052,GDC-0941,BRD-K52911425-001-09-8
CN(C)CCN1C(=O)c2cccc3cc(NC(N)=O)cc(C1=O)c23,16048966,UNBS-5162,BRD-K30933884-001-01-0
Cc1cc(nn1Cc1ccnc(c1)N1CCN(CC1)C1CC1)-c1nc(no1)-c1ccc(OC(F)(F)F)cc1,67377767,BAY-87-2243,BRD-K70463136-001-01-5
CNC(=O)c1ccccc1Nc1nc(Nc2ccc3C[C@H](CCCc3c2OC)N2CCN(CCO)CC2)ncc1Cl,71721648,CEP-37440,BRD-K72827473-001-01-0
CCCC(CCC)C(=O)Nc1ccn([C@@H]2O[C@H](CO)[C@@H](O)C2(F)F)c(=O)n1,11646777,LY2334737,BRD-K04993719-001-01-7
COc1cccc(c1)-c1ccc(NC(=O)C2=C(CCC2)C(O)=O)c(F)c1,9820008,SC-12267,BRD-K40797222-001-01-8
CCCCS(=N)(=O)CC[C@H](N)C(O)=O,119565,buthionine-sulfoximine,BRD-A47706533-001-02-6
C(c1ccccc1)n1c(nc2ccccc12)N1CCNCC1,65997,lerisetron,BRD-K62398570-300-01-2
CC(=O)OC[C@]12CCC(C)=C[C@H]1O[C@@H]1[C@H](O)[C@@H](OC(C)=O)[C@@]2(C)[C@@]11CO1,91518,anguidine,BRD-K45724504-001-01-6
Ic1ccc(CN2CCC(CC2)C2(CCC(=O)NC2=O)c2ccccc2)cc1,14479846,iododexetimide,BRD-A46813902-001-01-6
Nc1nc(S)c2ncn([C@@H]3O[C@H](CO)[C@@H](O)[C@H]3O)c2n1,2724387,tioguanine,BRD-K75649340-001-13-1
COC(=O)C[C@@](O)(CCC(C)(C)O)C(=O)O[C@H]1[C@@H]2c3cc4OCOc4cc3CCN3CCC[C@]23C=C1OC,72331,harringtonine,BRD-K96358241-001-01-9
OC(COc1cccc2[nH]c(cc12)C#N)CN1CCN(CC1)C(c1ccccc1)c1ccccc1,5190,DPI-201106,BRD-A64553394-001-04-4
CC(C)[C@@H](CS(=O)(=O)C(C)C)N1[C@@H]([C@H](C[C@](C)(CC(O)=O)C1=O)c1cccc(Cl)c1)c1ccc(Cl)cc1,58573469,AMG-232,BRD-K64925568-001-01-8
CNCCC(Oc1ccccc1OC)c1ccccc1,4500,nisoxetine,BRD-A95696066-003-13-8
Clc1ccc(Cn2cc(C(=O)C(=O)Nc3ccncc3)c3ccccc23)cc1,2929,indibulin,BRD-K74057757-001-01-9
O[C@]1(CC[C@@H](CC1)N[C@H]1CCN(C1)C(=O)CNC(=O)c1cccc(c1)C(F)(F)F)c1ccc(cn1)-c1ncccn1,11192346,PF-04136309,BRD-K94420399-001-01-9
CCO[C@H]1OC(=O)C[C@@H]1NC(=O)[C@@H]1CCCN1C(=O)[C@@H](NC(=O)c1ccc(N)c(Cl)c1)C(C)(C)C,59772309,VX-765,BRD-K26712974-001-01-5
COc1cc(OC)cc(C=Cc2ccc(O)cc2)c1,160517,pterostilbene,BRD-K53097745-001-01-5
CCNC(=O)\C=C\c1cccc(Br)c1,688145,cinromide,BRD-K66241279-001-01-8
CC(C)c1noc(n1)N1CCC(COc2ccc(nc2)-c2ccc(cc2)S(C)(=O)=O)CC1,24996872,GSK1292263,BRD-K60341624-001-02-2
CN(C(=O)c1c(O)c2ccccc2n(C)c1=O)c1ccccc1,54676478,roquinimex,BRD-K03384561-001-02-7
CC1(C)C2CCC1(CS(O)(=O)=O)C(=O)\C2=C/c1ccc(cc1)\C=C1\C2CCC(CS(O)(=O)=O)(C1=O)C2(C)C,6442003,ecamsule-triethanolamine,BRD-A47953250-001-01-7
OC1N=C(c2ccccc2)c2cc(Cl)ccc2NC1=O,4616,oxazepam,BRD-A50049929-001-01-9
Clc1ccc(cc1)C(=O)NCCCN1CCOCC1,65659,eprobemide,BRD-K17979676-001-01-2
CC(=O)c1ccc2Sc3ccccc3N(CCCN3CCN(CCO)CC3)c2c1,17676,acetophenazine,BRD-K42938903-332-01-1
Oc1ccc(Cl)cc1,4684,parachlorophenol,BRD-K40992116-001-09-7
CC(=O)c1ccc2Sc3ccccc3N(CCCN3CCC(CCO)CC3)c2c1,19675,piperacetazine,BRD-K16277217-001-10-9
OC[C@@H](O)[C@@H](O)[C@H](O)[C@@H](O)[C@@H](O)C(O)=O,25588,sodium-glucoheptonate,BRD-K35952844-236-01-6
CCC1NC(=O)c2cc(c(Cl)cc2N1)S(N)(=O)=O,6307,quinethazone,BRD-A59303141-001-10-4
CCC1(NC(=O)N(C)C1=O)c1ccccc1,4060,mephenytoin,BRD-A83937277-001-10-5
COC(=O)N(C)c1c(N)nc(nc1N)-c1nn(Cc2ccccc2F)c2ncccc12,11304743,riociguat,BRD-K84783599-001-01-0
OP(O)(=O)C(Sc1ccc(Cl)cc1)P(O)(O)=O,60937,tiludronate,BRD-K10845183-304-01-6
CC(C)C(=O)OCC(=O)[C@@]12O[C@@H](O[C@@H]1C[C@H]1[C@@H]3CCC4=CC(=O)C=C[C@]4(C)[C@H]3[C@@H](O)C[C@]21C)C1CCCCC1,6918155,ciclesonide,BRD-K35245662-001-01-2
COc1ccc(Cc2nccc3cc(OC)c(OC)cc23)cc1OC,4680,papaverine,BRD-K15567136-003-27-2
Clc1ccc(NC(=N)NC(=N)NCCCCCCNC(=N)NC(=N)Nc2ccc(Cl)cc2)cc1,2713,chlorhexidine,BRD-K52256627-300-06-6
COC(=O)N[C@@H](C(C)C)C(=O)N1CCC[C@H]1c1ncc([nH]1)-c1ccc(cc1)-c1ccc(cc1)-c1cnc([nH]1)[C@@H]1CCCN1C(=O)[C@@H](NC(=O)OC)C(C)C,25154714,daclatasvir,BRD-K82861010-001-02-5
CN(CC(O)=O)C(N)=N,586,creatine,BRD-K19615002-001-02-3
CN(C)C(=S)SSC(=S)N(C)C,5455,thiram,BRD-K29254801-001-14-7
CC(C)NNC(=O)c1ccncc1,3748,iproniazid,BRD-K88568253-011-19-9
CC(C)CCCCC(=O)NC(CCN)C(=O)NC(C(C)O)C(=O)NC(CCN)C(=O)NC1CCNC(=O)C(NC(=O)C(CCN)NC(=O)C(CCN)NC(=O)[C@H](CC(C)C)NC(=O)[C@@H](CC(C)C)NC(=O)C(CCN)NC1=O)C(C)O,129009950,colistin-b-sulfate,BRD-A36456202-001-01-3
CC[C@H]1C2CC3[C@@H]4N(C)c5ccccc5[C@]44C[C@@H](C2C4O)N3[C@@H]1O,16667686,ajmaline,BRD-A48300215-001-04-8
Oc1cccc2cccnc12,1923,oxyquinoline,BRD-K66808046-065-03-7
CCNC1(CCCCC1=O)c1cccs1,26533,tiletamine,BRD-A30582499-003-05-1
NC(=O)c1ccc[n+](c1)[C@@H]1O[C@H](COP(O)(=O)OP(O)(=O)OC[C@H]2O[C@H]([C@H](O)[C@@H]2O)n2cnc3c(N)ncnc23)[C@@H](O)[C@H]1O,5893,nadide,BRD-A11132253-001-08-2
CCCOc1cc(N)ccc1C(=O)OCCN(CC)CC,6843,propoxycaine,BRD-K18250272-003-11-0
C[C@]12CCC3C(CCC4=C3CCC(=O)C4)C1CC[C@@]2(O)C#C,5702095,noretynodrel,BRD-A00758722-001-04-9
C1CNCCN1,4837,piperazine,BRD-K13249881-001-02-3
CCN1CCC[C@H]1CNC(=O)c1c(OC)ccc(Br)c1OC,54477,remoxipride,BRD-K54094468-003-11-1
C[C@H]1CCO[C@H]2Cn3cc(C(=O)NCc4ccc(F)cc4F)c(=O)c(O)c3C(=O)N12,117853645,dolutegravir,BRD-K36386086-001-01-1
CCCCCCc1ccc(O)cc1O,3610,hexylresorcinol,BRD-K99946902-001-07-5
CCCCCCCCN=c1ccn(CCCCCCCCCCn2ccc(cc2)=NCCCCCCCC)cc1,51167,octenidine,BRD-K04568635-300-01-4
CC(COc1ccccc1)NC(C)[C@H](O)c1ccc(O)cc1,5702076,isoxsuprine,BRD-A16700644-003-04-4
Cc1ncc(CSSCc2cnc(C)c(O)c2CO)c(CO)c1O,14190,pyritinol,BRD-K82181219-001-04-3
CNC(=O)c1ccc(cc1F)N1C(=S)N(C(=O)C1(C)C)c1ccc(C#N)c(c1)C(F)(F)F,15951529,enzalutamide,BRD-K56851771-001-06-8
CC(=O)O[C@@]1(CC[C@H]2[C@@H]3C=C(C)C4=CC(=O)CC[C@@H]4[C@H]3CC[C@]12C)C(C)=O,91668,nomegestrol-acetate,BRD-K27351809-001-09-5
CO[C@H]1CC(O[C@H]2[C@@H](C)\C=C\C=C3/CO[C@@H]4C(=N/O)\C(C)=C[C@@H](C(=O)O[C@H]5C[C@@H](C\C=C2/C)O[C@@]2(CC[C@H](C)[C@H](O2)C2CCCCC2)C5)[C@]34O)O[C@@H](C)C1O,16667695,selamectin,BRD-A58564983-001-04-6
CCN[C@@H]1C[C@H](C)S(=O)(=O)c2sc(cc12)S(N)(=O)=O,6604453,dorzolamide,BRD-K71075609-003-01-0
CN(C)CCN(Cc1ccc(Cl)cc1)c1ccccn1,25295,chloropyramine,BRD-K83257731-003-23-5
C[C@H](\C=C\[C@H](C)C(C)(C)O)[C@H]1CC[C@@H]2[C@]1(C)CCC\C2=C/C=C1C[C@@H](O)C[C@H](O)C1,5281104,paricalcitol,BRD-K60585088-001-01-5
N[C@H](CO)C(O)=O,71077,D-Serine,BRD-K71822263-001-03-2
C[C@H]1O[C@H](C[C@H](O)[C@@H]1O)O[C@H]1[C@@H](O)C[C@H](O[C@H]2[C@@H](O)C[C@H](O[C@H]3CC[C@@]4(C)[C@H](CCC5C4CC[C@]4(C)[C@H](CC[C@]54O)C4=CC(=O)OC4)C3)O[C@@H]2C)O[C@@H]1C,5702041,digitoxin,BRD-A93236127-001-04-5
CCCCCCCCCCCCCCCC(=O)OC[C@H](NC(=O)C(Cl)Cl)[C@H](O)c1ccc(cc1)[N+]([O-])=O,12598150,chloramphenicol-palmitate,BRD-K96424892-001-02-9
C[N+](C)(CF)CCO,404592,fluoromethylcholine,BRD-K51199656-003-01-4
CC(C)(C)CC(=O)OCC(=O)[C@@]1(O)CCC2C3CCC4=CC(=O)C=C[C@]4(C)C3[C@@H](O)C[C@]12C,45006124,prednisolone-tebutate,BRD-A53151380-001-01-2
Clc1ccccc1C1CS\C(S1)=C(\C#N)n1ccnc1,3002820,lanoconazole,BRD-A54275602-001-01-0
C[C@@H]1O[C@@H](O[C@H]2CC[C@]3(C)C4CC[C@]5(C)[C@H](CC[C@]5(O)C4CCC3=C2)c2ccc(=O)oc2)C(O)C(O)[C@H]1O,124079498,proscillaridin-a,BRD-A11815689-001-01-1
CN(C)S(=O)(=O)c1ccc2Sc3ccccc3N(CCCN3CCN(C)CC3)c2c1,9429,thioproperazine,BRD-K08619574-334-05-4
CCN(CC)CCOC(=O)C(CC1CCCO1)Cc1cccc2ccccc12,4417,naftidrofuryl,BRD-A67862938-034-14-9
Cn1c2ncn(CCOC(=O)C(C)(C)Oc3ccc(Cl)cc3)c2c(=O)n(C)c1=O,41109,etofylline-clofibrate,BRD-K49840922-001-05-1
CNC(C)CCC=C(C)C,22297,isometheptene-mucate,BRD-A64743628-001-01-5
COc1cc(N)c(Cl)cc1C(=O)NC1CCN(Cc2ccccc2)CC1,2780,clebopride,BRD-K17294426-050-12-3
C[C@@H]1C[C@H]2[C@@H]3C[C@H](F)C4=CC(=O)C=C[C@]4(C)[C@@]3(Cl)[C@@H](O)C[C@]2(C)[C@H]1C(=O)COC(=O)C(C)(C)C,5282493,clocortolone-pivalate,BRD-K38003476-001-09-1
COC(=O)Nc1nc2ccc(cc2[nH]1)C(=O)c1ccccc1,4030,mebendazole,BRD-K77987382-001-13-2
Nc1nc(Cl)nc2n(cnc12)[C@H]1C[C@H](O)[C@@H](CO)O1,20279,cladribine,BRD-K93034159-001-25-8
CNC(=N)NC(=O)Nc1c(C)cccc1C,47510,lidamidine,BRD-K68693535-001-03-4
CN(C)c1nc(N)c(nc1Cl)C(=O)Nc1cccnc1,16759169,ACDPP,BRD-K68633617-003-02-9
CC(C)C[C@H](NC(=O)[C@H](C)NC(=O)C[C@H](O)[C@H](CC(C)C)NC(=O)[C@@H](NC(=O)[C@@H](NC(=O)CC(C)C)C(C)C)C(C)C)[C@@H](O)CC(O)=O,5478883,pepstatin,BRD-K13571841-001-14-4
Cc1ccc(O)c(N=Nc2ccccc2)n1,5218788,SIB-1757,BRD-K98157055-001-10-9
CC1CC(CC(C)(C)C1)OC(=O)c1ccccc1O,8362,homosalate,BRD-A34751532-001-06-9
COc1ccc(CCCOC(Cn2ccnc2)c2ccc(OC)cc2)cc1,104956,SKF-96365,BRD-A72703248-003-04-9
COc1cccc(Nc2c(cnc3c(C)cc(cc23)S(=O)(=O)c2cccc(c2)C(=O)N(C)C)C(N)=O)c1,9827968,GSK256066,BRD-K37590257-001-02-8
CC(=O)NC[C@H]1CN(C(=O)O1)c1ccc(c(F)c1)-c1ccc(CNCc2cnn[nH]2)cc1,11224409,radezolid,BRD-K84683831-001-01-0
Cn1c(nc(C(=O)NCc2ccc(F)cc2)c(O)c1=O)N1CCCCS1(=O)=O,54682040,BMS-707035,BRD-K49555808-001-03-9
O=C(NC1CC1)Nc1c[nH]nc1-c1nc2cc(CN3CCOCC3)ccc2[nH]1,135398495,AT-9283,BRD-K24576554-001-04-8
COc1ccc(F)c(F)c1C(=O)c1cnc(NC2CCN(CC2)S(C)(=O)=O)nc1N,6918852,R547,BRD-K52233191-001-02-4
OC(=O)c1ccc2c(c1)nc(Nc1cccc(Cl)c1)c1ccncc21,24748573,CX-4945,BRD-K81458380-001-04-9
COc1nccc(n1)-c1c(ncn1C1CCNCC1)-c1ccc(F)cc1,9863367,SB-242235,BRD-K19412355-001-01-0
Fc1cccc(COc2ccc(Nc3ncnc4ccc(NC(=O)C=C)cc34)cc2Cl)c1,24739943,AST-1306,BRD-K26838195-075-04-9
Nc1nc(=O)n(cc1F)[C@H]1C[C@H](O)[C@@H](CO)O1,515328,fdcyd,BRD-K18157228-001-01-7
CC1(C)CC[C@@]2(CC[C@]3(C)[C@@H]([C@@H]2C1)C(=O)C=C1[C@@]2(C)C=C(C#N)C(=O)C(C)(C)[C@@H]2CC[C@@]31C)C(O)=O,400010,bardoxolone,BRD-K20545304-001-01-6
COc1cc2ncnc(Nc3cccc(c3)C#C)c2cc1OCCCCCCC(=O)NO,24756910,CUDC-101,BRD-K41278234-001-03-0
Cc1cc(O)c2c3c1c1c(C)cc(O)c4c1c1c3c3c(c(O)cc(O)c3c2=O)c2c(O)cc(O)c(c12)c4=O,3663,hypericin,BRD-K29673530-001-05-4
N[C@H]([C@@H]1CC(Cl)=NO1)C(O)=O,16758175,acivicin,BRD-K13050541-001-01-9
NC1(CCC1)c1ccc(cc1)-c1nc2ccn3c(n[nH]c3=O)c2cc1-c1ccccc1,24964624,MK-2206,BRD-K68065987-300-09-1
C(CNc1nc2ccccc2s1)COc1cccc(CN2CCCCC2)c1,91769,zolantidine,BRD-K08996725-332-01-7
CCCCC\C=C/C\C=C/C\C=C/C\C=C/CCCC(=O)Nc1ccc(O)cc1,6604822,AM-404,BRD-K55462201-001-07-3
CC(CN(C)C)C(C)(O)Cc1ccc(Cl)cc1,26937,clobutinol,BRD-A43809092-003-02-1
CCCCc1cc2ccccc2c(OCCN(C)C)n1,6857,dimethisoquin,BRD-K73391359-003-10-2
CCC(C)[C@H]1O[C@@]2(C[C@@H]3C[C@@H](C\C=C(C)\[C@@H](OC4C[C@H](OC)C(O[C@H]5C[C@H](OC)[C@@H](NC(C)=O)[C@H](C)O5)[C@H](C)O4)[C@@H](C)\C=C\C=C4/CO[C@@H]5[C@H](O)C(C)=C[C@@H](C(=O)O3)[C@]45O)O2)C=C[C@@H]1C,51371322,eprinomectin,BRD-A91366704-001-01-9
CN1CCN(CC1)c1ccc(OC(F)(F)F)c(Nc2ncc3CCc4c(nn(CCO)c4-c3n2)C(N)=O)c1,49792852,NMS-1286937,BRD-K83699324-001-01-1
COc1cc(F)c(F)c(Nc2ccc(I)cc2F)c1NS(=O)(=O)C1(C[C@H](O)CO)CC1,44182295,refametinib,BRD-K85751432-001-03-3
CC1(C)Oc2ccc(cc2[C@H]([C@@H]1O)N1CCCC1=O)C#N.CC1(C)Oc2ccc(cc2[C@@H]([C@H]1O)N1CCCC1=O)C#N,76968376,cromakalim,BRD-M89827113-001-01-5
NC(=O)c1cn(C2OC(CO)[C@H](O)[C@@H]2O)c2ncnc(N)c12,16760643,sangivamycin,BRD-A64064900-001-02-3
CC(=O)O[C@H]1CC2(C)OC2CCC2(C)OC2CC2CC(=O)C(=C)C1C2(C)C,10407195,hypoestoxide,BRD-A51571244-001-01-9
CN[C@H](CNC(=O)N1CCC[C@H](C1)[C@@H](OCCNC(=O)OC)c1cccc(Cl)c1)C[C@H]1CCCOC1,16126898,VTP-27999,BRD-K81694556-003-01-9
CC1(C)N(CCCCO)C(=O)N(C1=O)c1ccc(C#N)c(c1)C(F)(F)F,132981,RU-58841,BRD-K62762455-001-01-3
CSc1ccc(OCc2ncc(n2C)[N+]([O-])=O)cc1,68792,fexinidazole,BRD-K37069697-001-01-3
NC1=NC(=O)N(CN1)[C@H]1C[C@@H](O)[C@@H](CO)O1,71167912,KP-1212,BRD-K46690591-001-01-2
CCn1ccnc1CC1COc2ccccc2O1,133621,imiloxan,BRD-A10903566-003-07-7
C[C@H]1CCC\C(C)=C/C[C@H](OC(=O)C[C@H](O)C(C)(C)C(=O)[C@H](C)[C@H]1O)C(\C)=C\c1csc(C)n1,447865,epothilone-d,BRD-K52762805-001-01-2
C[C@]12CCC3C(CC[C@]4(O)C[C@@H](O)CC[C@]34C=O)[C@@]1(O)CCC2C1=CC(=O)OC1,5702136,k-strophanthidin,BRD-A55312468-001-04-7
Cn1cc(CNCC2CCN(CC2)c2ncc(cn2)C(=O)NO)c2ccccc12,11538455,JNJ-26481585,BRD-K83837640-001-04-8
OC(=O)c1ccc(Nc2ncc3CN=C(c4cc(Cl)ccc4-c3n2)c2c(F)cccc2F)cc1,11712649,MLN-8054,BRD-K83963101-001-06-9
CCCC[C@H](NC(=O)[C@@H]1[C@@H]2[C@H](CN1C(=O)[C@@H](NC(=O)NC1(CS(=O)(=O)C(C)(C)C)CCCCC1)C(C)(C)C)C2(C)C)C(=O)C(=O)NC1CC1,11857239,narlaprevir,BRD-K38287497-001-01-2
C[C@@H](N)c1ccc(cc1)C(=O)Nc1ccnc2[nH]ccc12,9810884,Y-39983,BRD-K56751279-300-01-4
COc1cc(ccc1Nc1ncc(Cl)c(Nc2ccccc2P(C)(C)=O)n1)N1CCC(CC1)N(C)C,57390074,AP26113,BRD-K56032964-001-02-1
CN[C@@H](C)C(=O)N[C@@H](C1CCCCC1)C(=O)N1CCC[C@H]1C(=O)Nc1snnc1-c1ccccc1,46940575,GDC-0152,BRD-K68938568-001-01-7
CCCCCCCCCCCCCC(=O)O[C@@H]1[C@@H](C)[C@]2(O)[C@@H]3C=C(C)C(=O)[C@@]3(O)CC(CO)=C[C@H]2[C@@H]2C(C)(C)[C@]12OC(C)=O,27924,12-O-tetradecanoylphorbol-13-acetate,BRD-K68552125-001-05-3
OC(=O)\C=C\c1ccc(cc1)-c1ccc(O)c(c1)C12CC3CC(CC(C3)C1)C2,9864378,adarotene,BRD-K00152668-001-01-5
CC[C@@H](C)Nc1cc(C(=O)NC2CC3CCC(C2)N3c2ccc(cn2)C(=O)C2CC2)c(C)cc1C(N)=O,57748689,XL888,BRD-A03506276-001-01-5
CN1CCN(CC1)c1cc(Nc2cc(C)[nH]n2)nc(\C=C\c2ccccc2)n1,16041424,ENMD-2076,BRD-K68488863-001-04-9
CN1CCC(CNc2ccc3ncc(-c4cccc(OC(F)(F)F)c4)n3n2)CC1,24795070,SGI-1776,BRD-K80700417-001-04-2
COc1ccc(cn1)-c1cc2c(C)nc(N)nc2n([C@H]2CC[C@@H](CC2)OCCO)c1=O,25033539,PF-04691502,BRD-K07310275-001-02-5
CC(C)C(=O)OC[C@H]1O[C@@H](n2ccc(N)nc2=O)[C@](C)(F)[C@@H]1OC(=O)C(C)C,16122663,mericitabine,BRD-K69726595-001-01-2
O=C(Cc1ccc(cn1)-c1ccc(OCCN2CCOCC2)cc1)NCc1ccccc1,23635314,KX2-391,BRD-K29968218-001-03-2
Cc1c(cc(C(=O)NCc2ccc(cn2)S(C)(=O)=O)c(=O)n1-c1cccc(c1)C(F)(F)F)-c1ccnn1C,46861623,AZD9668,BRD-K31476763-001-01-5
COc1ccc(cc1CO)-c1ccc2c(nc(nc2n1)N1CCOC[C@@H]1C)N1CCOC[C@@H]1C,25262965,AZD8055,BRD-K69932463-001-10-6
CO[C@H]1[C@@H](O)C(C)O[C@@H](O[C@H]2CC[C@@]3(C=O)[C@H](CC[C@@H]4[C@@H]3CC[C@]3(C)[C@H](CC[C@]43O)C3=CC(=O)OC3)C2)C1O,73438925,peruvoside,BRD-A72716251-001-01-5
Cn1ncc(Cl)c1-c1cc(sc1Cl)C(=O)N[C@H](CN)Cc1cccc(F)c1,46843057,GSK2110183,BRD-K25412176-001-01-9
CN[C@H]1CN(C[C@@H]1OC)c1ccc2c(n1)n(cc(C(O)=O)c2=O)-c1nccs1,9952884,voreloxin,BRD-K23677682-003-01-2
CN(C)C(=N)NCCC[C@H](N)C(O)=O,123831,asymmetrical-dimethylarginine,BRD-K36269323-300-02-6
C[C@H]1CCC[C@@]2(C)O[C@H]2C[C@@H](OC(=O)C[C@@H](O)C(C)(C)C(=O)[C@H](C)[C@H]1O)C(\C)=C\c1csc(C)n1,129010071,epothilone-b,BRD-K68164687-001-01-6
OCCn1cc(cn1)-c1cnc2nnn(Cc3ccc4ncccc4c3)c2n1,17754438,PF-04217903,BRD-K73319509-001-08-0
CCCCc1ccc(O)cc1O,205912,rucinol,BRD-K61036791-001-01-6
COc1ccc(cc1)S(=O)(=O)N(C(C)=O)c1ccccc1\C=C\c1cc[n+]([O-])cc1,9888590,HMN-214,BRD-K70511574-001-06-9
NC(=O)N1CCC(CC(=O)N2CCC(CC2)[C@H]2c3ncc(Br)cc3CCc3cc(Cl)cc(Br)c23)CC1,148195,lonafarnib,BRD-K41599323-001-02-3
CC(C)(C)c1cc(NC(=O)Nc2ccc(cc2)-c2cn3c(n2)sc2cc(OCCN4CCOCC4)ccc32)no1,24889392,quizartinib,BRD-K93918653-001-08-9
CC(C)c1ccc2Sc3cc(F)ccc3CC(N3CCN(CCO)CC3)c2c1,115193,isofloxythepin,BRD-A07704283-001-01-3
NC1(CCN(CC1)c1ncnc2[nH]ccc12)C(=O)N[C@@H](CCO)c1ccc(Cl)cc1,25227436,AZD5363,BRD-K99023089-001-03-7
COc1cc(CCc2cc(NC(=O)c3ccc(cc3)N3C[C@H](C)N[C@H](C)C3)n[nH]2)cc(OC)c1,51039095,AZD4547,BRD-K28392481-001-05-1
O=c1n(CC2CO2)c(=O)n(CC2CO2)c(=O)n1CC1CO1,17142,teroxirone,BRD-A39935389-001-05-9
CN(C)C[C@@H](NC(=O)N1Cc2c(Nc3nc(C)nc4ccsc34)n[nH]c2C1(C)C)c1ccccc1,25227462,PF-03758309,BRD-K37764012-001-04-1
COC(=O)NC(C)CNc1nccc(n1)-c1cn(nc1-c1cc(Cl)cc(NS(C)(=O)=O)c1F)C(C)C,70311789,LGX818,BRD-A56085258-001-01-8
CC(C)Nc1cc(-c2c[nH]c(c2)C(=O)N[C@H](CO)c2cccc(Cl)c2)c(Cl)cn1,11719003,BVD-523,BRD-K28965160-001-01-1
FC(F)(F)c1nc(Nc2ccc(Cl)cc2Cl)ncc1C(=O)NCC1CCOCC1,10253143,GW-842166,BRD-K26823213-001-02-9
CCCCCCCCCCCCCCOc1ccc(o1)C(O)=O,115175,KD-023,BRD-K71164191-001-01-0
CC(C)NC(=O)COc1cccc(c1)-c1nc(Nc2ccc3[nH]ncc3c2)c2ccccc2n1,11950170,KD025,BRD-K88506063-001-01-8
OC(=O)[C@@]1(Cc2cccc(Nc3nccs3)n2)CC[C@@H](CC1)Oc1cccc(Cl)c1F,24748204,MK-5108,BRD-K53665955-001-03-0
Cc1cc(Nc2cc(CN3CCOCC3)c3nc(C)c(Cc4ccc(Cl)cc4F)n3n2)[nH]n1,46213929,LY2784544,BRD-K25630527-001-03-8
CNC(=O)[C@@H](NC(=O)[C@H](CC(C)C)[C@H](O)C(=O)NO)C(C)(C)C,119031,marimastat,BRD-K21396683-001-04-8
C[C@H](Oc1ccc(cc1C(=O)N1CCN(CC1)c1ncc(cc1F)C(F)(F)F)S(C)(=O)=O)C(F)(F)F,24946690,bitopertin,BRD-K13756951-001-01-4
CC(=O)CC(c1ccccc1)c1c(O)c2ccccc2oc1=O,54678486,warfarin,BRD-A24514565-001-09-7
O[C@H]1CCCN[C@@H]1CC(=O)Cn1cnc2cc(Br)c(Cl)cc2c1=O,456390,halofuginone,BRD-K54247840-004-01-3
CCN(CC)c1ccc(cc1)C(c1ccccc1)=C1C=CC(C=C1)=[N+](CC)CC,12450,brilliant-green,BRD-K60348325-065-09-9
CCOP(=S)(OCC)Oc1nc(Cl)c(Cl)cc1Cl,2730,chlorpyrifos,BRD-K08303368-001-10-0
C[C@H]1O[C@H](C[C@H](O)[C@@H]1O)O[C@H]1[C@@H](O)C[C@H](O[C@H]2[C@@H](O)C[C@H](O[C@H]3CC[C@@]4(C)[C@H](CCC5C4C[C@@H](O)[C@]4(C)[C@H](CC[C@]54O)C4=CC(=O)OC4)C3)O[C@@H]2C)O[C@@H]1C,5702042,digoxin,BRD-A94756469-001-04-7
CN1C(=O)C[C@H](NC1=O)C(=O)N[C@@H](Cc1cnc[nH]1)C(=O)N1CCC[C@H]1C(N)=O,114750,taltirelin,BRD-K93869735-001-01-1
CCCCN(CCCC)CCCOc1ccc(cc1)C(=O)c1c(CCCC)oc2ccc(NS(C)(=O)=O)cc12,208898,dronedarone,BRD-K05524748-003-04-4
OC(=O)CCn1c2CC[C@H](Cc2c2ccccc12)NS(=O)(=O)c1ccc(F)cc1,123879,ramatroban,BRD-K08586861-001-01-1
Cn1c2nc[nH]c2c(=O)n(C)c1=O,2153,theophylline,BRD-K97799481-001-16-0
C[C@H]1CC2C3CC[C@](O)(C(C)=O)[C@@]3(C)C[C@H](O)[C@]2(F)C2(C)C=CC(=O)C=C12,5702058,fluorometholone,BRD-A13133631-001-04-0
CC(=O)O[C@]1(CCC2C3CCC4=CC(=O)CC[C@@H]4C3CC[C@]12C)C#C,5702094,norethindrone-acetate,BRD-A09349126-001-10-7
OC(=O)c1c(I)cc(I)c(NC(=O)CCCCC(=O)Nc2c(I)cc(I)c(C(O)=O)c2I)c1I,3739,iodipamide,BRD-K67261995-001-11-7
CCCCOC(=O)c1ccc(N)cc1,2482,butamben,BRD-K27217864-001-22-3
CCCC[N+]1(C)[C@H]2C[C@@H](C[C@@H]1[C@H]1O[C@@H]21)OC(=O)[C@@H](CO)c1ccccc1,160883,butylscopolamine-bromide,BRD-A53951045-004-01-6
CC(C)(C)NCC(O)c1cc(Cl)c(N)c(Cl)c1,2783,clenbuterol,BRD-A75726477-003-21-3
CCC(=O)N(c1ccccc1)C1(COC)CCN(CCc2cccs2)CC1,41693,sufentanil,BRD-K21547160-001-01-4
CC(C)OC(=O)CCC\C=C/C[C@H]1[C@@H](O)C[C@@H](O)[C@@H]1CC[C@@H](O)CCc1ccccc1,5311221,latanoprost,BRD-K10961822-001-05-1
CC[C@]12CCC3[C@@H](CCC4=CC(=O)CC[C@H]34)[C@@H]1CC[C@@]2(O)C#C,124079495,norgestrel,BRD-A14886633-001-01-6
COc1ccccc1Oc1c(NS(=O)(=O)c2ccc(cc2)C(C)(C)C)nc(nc1OCCO)-c1ncccn1,104865,bosentan,BRD-K74763371-002-04-0
COc1ccc(OC)c(c1)C(O)CNC(=O)CN,4195,midodrine,BRD-A79981887-003-16-4
FC(F)(F)CNC(=O)C1(CCCCN2CCC(CC2)NC(=O)c2ccccc2-c2ccc(cc2)C(F)(F)F)c2ccccc2-c2ccccc12,9853053,lomitapide,BRD-K92213669-001-01-3
Cc1c(C)c2OC(C)(CCc2c(C)c1O)C(O)=O,40634,trolox,BRD-A17846016-001-13-9
CCOC(=O)[C@H](CCc1ccccc1)N[C@@H](C)C(=O)N1[C@H](CN(C)C1=O)C(O)=O,58153740,imidapril,BRD-K34332569-001-01-3
CC(=O)OCC(=O)[C@@]12N=C(C)O[C@@H]1C[C@H]1[C@H]3CCC4=CC(=O)C=C[C@]4(C)[C@H]3[C@@H](O)C[C@]21C,73707512,deflazacort,BRD-K96006502-001-02-6
CC1(C)O[C@@H]2CC3C4C[C@H](F)C5=CC(=O)CC[C@]5(C)C4[C@@H](O)C[C@]3(C)[C@@]2(O1)C(=O)CO,5702172,fludroxycortide,BRD-A49765801-001-04-1
CO[C@@]12[C@@H]3NC3CN1C1=C([C@@H]2COC(N)=O)C(=O)C(N)=C(C)C1=O,5702003,mitomycin-c,BRD-A48237631-001-04-8
N[C@@H](CCC(=O)C=[N+]=N)C(O)=O,121478083,diazooxonorleucine,BRD-K38458514-001-01-8
CC[Hg]Sc1ccccc1C(O)=O,67361,thiomersal,BRD-K61443650-236-13-1
CCN(CC)c1cc(C)nc2ncnn12,5531,trapidil,BRD-K95763993-001-19-3
Nc1cccc2C(=O)N(Cc12)C1CCC(=O)NC1=O,216326,lenalidomide,BRD-A17883755-001-06-1
O=C(CS(=O)Cc1ccco1)NC\C=C/COc1cc(CN2CCCCC2)ccn1,5282136,lafutidine,BRD-A67516570-001-02-8
NS(=O)(=O)c1cc(cc(N2CCCC2)c1Oc1ccccc1)C(O)=O,4849,piretanide,BRD-K87990216-001-10-2
OC(=O)COCCN1CCN(CC1)[C@H](c1ccccc1)c1ccc(Cl)cc1,1549000,levocetirizine,BRD-K27184429-300-01-3
CC(C)c1nc(CN(C)C(=O)N[C@@H](CCN2CCOCC2)C(=O)N[C@H](CC[C@H](Cc2ccccc2)NC(=O)OCc2cncs2)Cc2ccccc2)cs1,25151504,cobicistat,BRD-K51040301-001-02-1
ONC(=O)CCCCCCNC(=O)c1cnc(nc1)N(c1ccccc1)c1ccccc1,53340666,ACY-1215,BRD-K82928847-001-04-7
C[N+]1(C)CCC(CC1)=C(c1ccccc1)c1ccccc1,6127,diphemanil,BRD-K93441486-067-12-8
CCN(C(C)=O)c1cccc(c1)-c1ccnc2c(cnn12)C#N,5719,zaleplon,BRD-K92657060-001-05-7
CC(C)OC(=O)[C@H](C)N[P@@](=O)(OC[C@H]1O[C@@H](n2ccc(=O)[nH]c2=O)[C@](C)(F)[C@@H]1O)Oc1ccccc1,45375809,PSI-7976,BRD-K05674516-001-01-7
CCOc1ccc2[nH]c(SCCN3CCOCC3)nc2c1,9862937,afobazole,BRD-K37793595-003-01-7
C[C@]12CC[C@H]3[C@@H](CC=C4C[C@@H](O)CC[C@]34C)[C@@H]1CC=C2c1cccnc1,132971,abiraterone,BRD-K50071428-001-03-3
NC(=O)CN1C[C@H](O)CC1=O,3051965,oxiracetam,BRD-K50677762-001-01-5
N#Cc1ccncn1,10313094,4-pyrimidinecarbonitrile,BRD-K04552268-001-02-4
CC[C@@]12CCCN3CCc4c([C@H]13)n(c1ccccc41)[C@@](O)(C2)C(=O)OC,637570,vincamine,BRD-K89704198-001-12-3
CCCCN(CCCC)CCC(O)c1cc2c(Cl)cc(Cl)cc2c2cc(ccc12)C(F)(F)F,37393,halofantrine,BRD-A51964809-003-12-6
[O-][N+](=O)c1cncn1CCN1CCOCC1,23009,nimorazole,BRD-K79145628-001-05-5
COc1cc(O)c(cc1C=CC(=O)c1ccc(O)cc1)C(C)(C)C=C,3923,licochalcone-a,BRD-K26011976-001-01-0
Nc1nccc(Oc2ccc(NC(=O)c3c[nH]cc(-c4ccc(F)cc4)c3=O)cc2F)c1Cl,44155856,metatinib,BRD-K27182532-001-02-3
OC(=O)Cn1nnc(n1)-c1cc(no1)N1CCC(CC1)Oc1cc(F)ccc1Br,24988881,MK-8245,BRD-K29656036-001-02-5
Cc1c2c(oc1S(O)(=O)=O)-c1ccc3c(CCCC3(C)C)c1C(=O)C2=O,125782,sodium-tanshinone-ii-a-sulfonate,BRD-K84798689-236-02-9
CC(C)n1nc(C)nc1-c1cn2CCOc3cc(ccc3-c2n1)-c1cnn(c1)C(C)(C)C(N)=O,51001932,taselisib,BRD-K44844162-001-01-6
COC(=O)C1=C(C)NC(C)=C(C1c1cccc(c1)[N+]([O-])=O)C(=O)OC\C=C\c1ccccc1,6436048,pranidipine,BRD-A68083442-001-01-6
Oc1c(Br)cc(cc1Br)-c1noc(n1)C(=O)NCc1ccc(Oc2ccccc2)cc1,135565181,IOWH032,BRD-K84892605-001-01-1
COc1ccc(cc1)-c1coc2cc(O)cc(O)c2c1=O,5280373,4-methylgenistein,BRD-K73303757-001-21-6
COc1cc2CC[n+]3cc4c(OC)c(OC)ccc4cc3-c2cc1OC,19009,palmatine-chloride,BRD-K58466253-003-14-0
C[C@]12C[C@H](O)C3C(CCC4=CC(=O)C=C[C@]34C)C1CC[C@]2(O)C(=O)COC(=O)CCC(O)=O,9847023,prednisolone-hemisuccinate,BRD-A78391468-001-02-8
COc1ccc(cc1OC)-c1cc(=O)c2c(OC)c(OC)c(OC)c(OC)c2o1,72344,nobiletin,BRD-K06753942-001-14-5
CC[C@@H]1[C@@H](C)O[C@](O)(C[C@H]1O[C@H]1C[C@H](O)[C@H](O)[C@H](C)O1)[C@@H](C)[C@H](O)[C@H](C)[C@@H]1OC(=O)\C=C\C=C\[C@@H](C)[C@H](OC(=O)\C=C\C=C\[C@@H]1C)[C@@H](C)[C@@H](O)[C@H](C)[C@@]1(O)C[C@@H](O[C@H]2C[C@H](O)[C@H](O)[C@H](C)O2)[C@H](CC)[C@@H](C)O1,129010077,azalomycin-b,BRD-K96104201-001-01-5
OC1O[C@H](COP(O)(O)=O)[C@@H](O)[C@H](O)[C@H]1O,5958,adaprev,BRD-A73427433-240-01-3
CCCCCCCCCCCCCCCC[N+](C)(C)Cc1ccccc1,31203,benzyldimethylhexadecylammonium,BRD-K23403298-003-01-9
OC12C3C4C5C3C(C3C5CC4C13)N2CCc1cccc(F)c1,10040286,TC1,BRD-A13964793-001-02-6
Oc1ccc(Cl)c2CCCc12,8961,chlorindanol,BRD-K01653460-001-01-1
CO[C@H]1CCC(O[C@H]2CC(O[C@]3(O[C@H](C[C@@H]3C)C3O[C@@](O)(CO)[C@H](C)C[C@@H]3C)[C@@H]2C)[C@]2(C)CC[C@]3(C[C@H](O)[C@@H](C)[C@H](O3)[C@@H](C)\C=C(/C)C(=O)[C@H](C)C[C@H](C)C(O)=O)O2)O[C@@H]1C,134689604,nanchangmycin,BRD-A73871920-236-03-6
CCS(=O)(=O)N1CC(CC#N)(C1)n1cc(cn1)-c1ncnc2[nH]ccc12,44205240,baricitinib,BRD-K53581288-001-02-9
CC[C@H]1N(C2CCCC2)c2nc(Nc3ccc(cc3OC)C(=O)NC3CCN(C)CC3)ncc2N(C)C1=O,11364421,BI-2536,BRD-K64890080-001-13-8
COC(=O)[C@]12OC[C@@]34[C@H]1[C@@H](OC(=O)\C=C(/C)C(C)C)C(=O)O[C@@H]3C[C@H]1C(C)C(=O)C(=O)C[C@]1(C)[C@H]4[C@@H](O)[C@@H]2O,91930061,bruceantin,BRD-A36057565-001-01-0
O(c1ccccc1)c1cccnc1,200510,CI-844,BRD-K83022601-001-01-0
CNC(=O)[C@H](N1CCc2cc(OC)c(OC)cc2[C@@H]1CCc1ccc(cc1)C(F)(F)F)c1ccccc1,23727689,almorexant,BRD-K84810405-003-01-1
COc1ccc(cn1)-c1nc(N2CCOCC2)c2sc(CN(C)c3ncc(cn3)C(=O)NO)cc2n1,54575456,CUDC-907,BRD-K77638923-001-02-0
OC[C@@H](O)CONC(=O)c1ccc(F)c(F)c1Nc1ccc(I)cc1F,9826528,PD-0325901,BRD-K49865102-001-08-4
OCC(O)CONC(=O)c1cc(Br)c(F)c(F)c1Nc1ccc(I)cc1F,10231331,PD-318088,BRD-A57798112-001-03-7
C[C@]12CC[C@@H]3[C@@H](CC[C@H]4C[C@@H](O)CC[C@]34C)[C@@H]1CCC2=O,11875890,epiandrosterone,BRD-K42756753-001-01-9
CC(O)(CC[C@H]1[C@](C)(O)CCC2C(C)(C)CCC[C@]12C)C=C,16394480,sclareol,BRD-A23127772-001-02-3
CC(=O)O[C@]1(C(C)=O)C(=C)CC2C3C=C(C)C4=CC(=O)CC[C@]4(C)C3CC[C@]12C,45006159,melengestrol-acetate,BRD-A42746051-001-02-9
C[C@@H]1[C@@H]2[C@H](C[C@H]3[C@@H]4CC=C5C[C@@H](CC[C@]5(C)[C@@H]4CC[C@]23C)O[C@@H]2O[C@@H](CO)[C@@H](O[C@@H]3O[C@@H](C)[C@H](O)[C@@H](O)[C@@H]3O)[C@H](O)[C@H]2O[C@@H]2O[C@@H](C)[C@H](O)[C@@H](O)[C@H]2O)O[C@]11CC[C@@H](C)CO1,129010051,dioscin,BRD-K37723606-001-01-5
NCCCNCCCCNCCCN,1103,spermine,BRD-K18375018-376-02-3
C(CN1CCOCC1)Oc1ccc2c(ccnc2c1)-c1c(nn2CCCc12)-c1ccccn1,11655119,LY2109761,BRD-K47557313-001-02-7
Oc1ccc(C[C@H]2N3[C@H](CN(Cc4cccc5ccccc45)C2=O)N(CCC3=O)C(=O)NCc2ccccc2)cc1,124518205,ICG-001,BRD-K94455792-001-01-8
COc1cc(O)c2C(=O)c3c(O)cc(C)cc3C(=O)c2c1,10639,rheochrysidin,BRD-K67772619-001-05-1
Cc1ccc2c(Br)cc(Br)c(OC(=O)c3ccccc3)c2n1,77262,broxaldine,BRD-K36222532-001-01-8
OC[C@H]1O[C@@H](Oc2cc(O)cc(O)c2C(=O)CCc2ccc(O)cc2)[C@@H](O)[C@@H](O)[C@@H]1O,25791508,phlorizin,BRD-K24601397-001-01-1
C\C1=C\CC[C@@]2(C)O[C@H]2[C@H]2OC(=O)C(=C)[C@@H]2CC1,5420805,parthenolide-(-),BRD-K34851558-001-02-3
O=C1[C@H]2[C@@H]3CC[C@@H](C3)[C@H]2C(=O)N1C[C@@H]1CCCC[C@H]1CN1CCN(CC1)c1nsc2ccccc12,213046,lurasidone,BRD-K51143828-003-03-1
CCCC(=O)O[C@]1(CC[C@H]2[C@@H]3C[C@H](F)C4=CC(=O)C=C[C@]4(C)[C@]3(F)[C@H](O)C[C@]12C)C(=O)COC(C)=O,129009925,difluprednate,BRD-K33720171-001-01-0
[2H]C([2H])([2H])C(O)(CCO[C@@H](C)[C@H]1CC[C@@H]2[C@]1(C)CCC\C2=C/C=C1/C[C@@H](O)C[C@H](O)C1=C)C([2H])([2H])[2H],66577028,maxacalcitol,BRD-K81332461-001-01-4
CCN(CC)Cc1nccn1-c1ccc(cc1C(=O)c1ccccc1Cl)[N+]([O-])=O,4514,nizofenone,BRD-K84011460-051-01-7
CCC(=O)O[C@]1([C@@H](C)C[C@H]2[C@@H]3C[C@H](F)C4=CC(=O)C=C[C@]4(C)[C@]3(F)[C@H](O)C[C@]12C)C(=O)CCl,129009989,halobetasol-propionate,BRD-K65877271-001-01-8
Nc1c(CC(O)=O)cccc1C(=O)c1ccccc1,2136,amfenac,BRD-K82122102-323-01-1
CC(C)[C@@H](N)C(=O)NCC(C)(C)SCC(=O)O[C@@H]1C[C@@](C)(C=C)[C@@H](O)[C@H](C)[C@]23CCC(=O)[C@H]2[C@]1(C)[C@H](C)CC3,15093181,valnemulin,BRD-K33813875-003-01-8
CC1CCCC(C)N1NC(=O)c1ccc(Cl)c(c1)S(N)(=O)=O,2804,clopamide,BRD-A85651701-001-19-7
Nc1cccc2C(=O)N(C3CCC(=O)NC3=O)C(=O)c12,134780,pomalidomide,BRD-A12994259-001-02-1
C[C@]12CCC3C(C=CC4=CC(=O)CC[C@]34C)C1CC[C@@]21CCC(=O)O1,6710732,canrenone,BRD-A20644369-001-08-6
OC1N=C(c2ccccc2Cl)c2cc(Cl)ccc2NC1=O,3958,lorazepam,BRD-A11990600-001-03-4
CC(=O)Nc1nnc(s1)S(N)(=O)=O,1986,acetazolamide,BRD-K43457670-001-27-8
CC[C@]12C=CC3=C4CCC(=O)C=C4CC[C@H]3[C@@H]1CC[C@@]2(O)C#C,27812,gestrinone,BRD-K97472745-001-01-8
Cc1cn(cn1)-c1cc(NC(=O)c2ccc(C)c(Nc3nccc(n3)-c3cccnc3)c2)cc(c1)C(F)(F)F,644241,nilotinib,BRD-K81528515-001-13-8
CC(C)(C)c1ccc(cc1)C(=O)CCCN1CCC(CC1)OC(c1ccccc1)c1ccccc1,3191,ebastine,BRD-K13314656-001-01-0
Clc1c(CN2CCCC2=N)[nH]c(=O)[nH]c1=O,6323266,tipiracil,BRD-K11973162-003-01-8
CC(C(O)=O)c1ccc(cc1)N1Cc2ccccc2C1=O,3718,indoprofen,BRD-A44090213-001-25-6
COc1cc(cc(OC)c1OC)[C@H]1[C@@H]2[C@H](COC2=O)[C@@H](O)c2cc3OCOc3cc12,10607,podophyllotoxin,BRD-K47869605-001-32-0
C\C=C(\C)C(=O)O[C@H]1C(C)=C[C@@]23[C@H](C)C[C@@H]4[C@H]([C@H](C=C(CO)[C@@H](O)[C@]12O)C3=O)C4(C)C,6918670,ingenol-mebutate,BRD-K93779381-001-01-9
OC(=O)c1ccc(cc1)-n1nc(nc1-c1ccccc1O)-c1ccccc1O,214348,deferasirox,BRD-K97010173-001-04-1
C[C@]12CCC3C(CCC4=Cc5oncc5C[C@]34C)C1CC[C@@]2(O)C#C,5702031,danazol,BRD-A92537424-001-04-7
CN1c2ccc(Cl)cc2C(=NC(O)C1=O)c1ccccc1,5391,temazepam,BRD-A93093700-001-02-9
O=C(Nc1ccccc1-c1cn2c(CN3CCNCC3)csc2n1)c1cnc2ccccc2n1,24180125,SRT1720,BRD-K95926480-003-03-6
C[C@H]1CCC[C@H]2O[C@H]2C[C@H](OC(=O)C[C@H](O)C(C)(C)C(=O)[C@H](C)[C@H]1O)C(\C)=C\c1csc(C)n1,448799,epothilone-a,BRD-K71823332-001-03-7
CN(\N=C\c1cnc2ccc(Br)cn12)S(=O)(=O)c1cc(ccc1C)[N+]([O-])=O,10275789,PIK-75,BRD-K49371609-003-03-8
OC[C@@H](O)COc1ccc2CCc3cc(Nc4ccc(F)cc4F)ccc3C(=O)c2c1,45279963,skepinone-l,BRD-K83607951-001-02-2
CNC(=O)c1cc(Oc2ccc(Nc3ncc(F)c(Nc4cccc(NC(=O)C=C)c4)n3)cc2)ccn1,59174579,CNX-774,BRD-K48443249-001-01-0
CO[C@@H]1\C=C\C=C(C)\Cc2cc(OC)c(Cl)c(c2)N(C)C(=O)C[C@H](OC(=O)C(C)C)[C@]2(C)O[C@H]2[C@H](C)[C@@H]2C[C@@]1(O)NC(=O)O2,5282049,maytansinol-isobutyrate,BRD-K15898725-001-01-7
Nc1c2C(O)CCCc2nc2ccccc12,3655,"hydroxytacrine-maleate-(r,s)",BRD-A98299281-050-09-6
CSc1nc(NC2CCCC2)c(c(NC2CCCC2)n1)[N+]([O-])=O,6604928,GS-39783,BRD-K75478907-001-02-3
FC(F)(F)c1cc(cc(c1)C(F)(F)F)-c1ncn(n1)\C=C/C(=O)N1CC(F)(F)C1,71496742,KPT-276,BRD-K75352575-001-01-3
CC(=O)c1ccc2N[C@H]([C@H]3CC=C[C@H]3c2c1)c1cc2OCOc2cc1Br,5322399,G-1,BRD-K62696033-001-01-4
COc1ccc2n(C(=O)c3cccc(Cl)c3Cl)c(C)c(CCN3CCOCC3)c2c1,9911463,GW-405833,BRD-K10705233-001-02-2
Nc1nc2ccc(Cl)cc2c2nc(nn12)-c1ccco1,2690,CGS-15943,BRD-K49049886-001-08-7
OC(Cc1ccncc1)C(Cl)(Cl)Cl,224859,PETCM,BRD-A93477898-001-04-2
Nc1ccc(cn1)C(=O)Nc1cccc(c1)-c1nc(N2CCOCC2)c2oc3ncccc3c2n1,9956222,YM-201636,BRD-K48488978-001-05-3
CC(=O)Oc1ccccc1C(=O)Oc1ccccc1C(O)=O,10745,acetylsalicylsalicylic-acid,BRD-K46585355-001-14-3
Cc1ccc(cc1Nc1nc(nc2n(C)ncc12)-c1cccnc1)C(=O)Nc1cccc(c1)C(F)(F)F,16747388,NVP-BHG712,BRD-K79259477-001-04-9
Nc1nc(NCCNc2ncc(c(n2)-c2ccc(Cl)cc2Cl)-n2ccnc2)ccc1[N+]([O-])=O,53396311,CHIR-98014,BRD-K42973005-001-04-0
COc1ccc(C(=O)c2ccc(C)cc2)c(O)c1,71645,mexeneone,BRD-K18613660-001-05-5
Ic1cc(ncn1)-c1ccccc1,817368,4-iodo-6-phenylpyrimidine,BRD-K25690923-001-02-4
Nc1ncnc2n(cc(-c3cccc(OCc4ccccc4)c3)c12)[C@@H]1C[C@H](CN2CCC2)C1,11476171,NVP-AEW541,BRD-K24696047-001-02-3
OCCNCCCOc1cccc(Cl)c1Cl,2250975,"2,3-DCPE",BRD-K61734568-003-02-1
Nc1nc(O)c2nc(Br)n([C@@H]3O[C@@H]4COP(O)(=O)O[C@H]4[C@H]3O)c2n1,135419186,8-bromo-cGMP,BRD-A00077618-236-07-6
CC(NCCC(c1ccccc1)c1ccccc1)c1ccccc1,3336,fendiline,BRD-A71033472-003-23-9
CC(C)(C)c1ccc(cc1)S(=O)(=O)\C=C\C#N,5353432,BAY-11-7085,BRD-K48684885-001-04-2
Cc1cc(cc2nnc(Nc3ccc(OCCN4CCCC4)cc3)nc12)-c1cc(O)ccc1Cl,11712625,TG-100572,BRD-K18424115-003-01-3
COc1ccc(CC2NCCc3cc(OC)c(OC)cc23)cc1OC,5418,tetrahydropapaverine,BRD-A91831168-003-02-5
Cc1nc2ccccn2c(=O)c1CCN1CCC(CC1)C(=O)c1ccc(F)cc1,4847,pirenperone,BRD-K25224017-001-25-0
Cc1cc(Nc2ccc(NC(=O)c3ccc(Nc4ccnc5ccccc45)cc3)cc2)nc(N)n1,24858111,SGI-1027,BRD-K61228301-001-01-2
Brc1ccc2[nH]c-3c(CC(=O)Nc4cccnc-34)c2c1,6538897,1-azakenpaullone,BRD-K03273112-001-01-8
C[C@]12CC[C@H]3[C@@H](CC[C@@H]4C[C@@H](O)CC[C@]34C)[C@@]1(O)CC[C@@H]2C1=CC(=O)OC1,4369270,digitoxigenin,BRD-K18518344-001-15-9
CCCS(=O)(=O)Nc1ccc(F)c(C(=O)c2c[nH]c3ncc(Cl)cc23)c1F,24180719,PLX-4720,BRD-K16478699-001-09-2
COC(=O)Nc1ccc(cc1)-c1nc(N2CCOCC2)c2cnn(C3CCN(CC3)C(=O)OC)c2n1,44219749,WYE-354,BRD-K77008974-001-03-2
Brc1cccc(Nc2ncnc3ccc(NC(=O)C=C)cc23)c1,4708,PD-168393,BRD-K17702546-001-03-2
CN1C\C=C\CCOc2cccc(c2)-c2ccnc(Nc3cccc(C1)c3)n2,16739650,TG-02,BRD-K14560436-001-01-4
CS(=O)(=O)c1ccc(cc1)-c1cnc(N)c(n1)C(=O)Nc1ccccc1,51000408,VE-821,BRD-K26756394-001-02-2
C[C@@]12[C@H](CC[C@]1(O)[C@@H]1CC[C@@H]3C[C@@H](O)CC[C@]3(C)[C@H]1C[C@H]2O)C1=CC(=O)OC1,15478,digoxigenin,BRD-K18619710-001-14-4
COc1ccc(cc1OC)C(=O)N1CCCc2cc(ccc12)C1=NNC(=O)SC1C,187079,EMD-53998,BRD-A65248799-001-01-7
CN(C)CCN1C(=O)c2cccc3cc(N)cc(C1=O)c23,50515,amonafide,BRD-K56334280-001-05-1
COc1ccc(cc1O)\C=C/c1cc(OC)c(OC)c(OC)c1,5351344,combretastatin-A-4,BRD-K61195623-001-01-4
C[C@@H](Oc1cc(sc1C(N)=O)-n1cnc2ccc(CN3CCN(C)CC3)cc12)c1ccccc1C(F)(F)F,15983966,GSK461364,BRD-K92428232-001-10-6
COc1ccc2nc(NC(=O)Nc3ccccc3)sc2c1,33334,frentizole,BRD-K07202345-001-19-4
C\C(=N\Nc1nnc2c(n1)[nH]c1c(C)cccc21)c1ccccn1,6413301,VLX600,BRD-K89053832-001-01-0
CO[C@@H]1COCC[C@@H]1N[C@@H]1CC[C@](C1)(C(C)C)C(=O)N1CCc2ncc(cc2C1)C(F)(F)F,11180808,MK-0812,BRD-K14175878-001-01-6
CN(C[C@@H]1COCCO1)S(=O)(=O)Nc1ccc2ccc3ncc(cc3c(=O)c2c1)-c1cnn(C)c1,44137946,MK-2461,BRD-K56405753-001-02-4
NC(=O)CCCCn1ccc(n1)\N=C(/N)NCC(F)(F)F,134778,ICI-162846,BRD-K11071038-001-01-7
CC(C)C[C@H](NC(=O)CNC(=O)c1cc(Cl)ccc1Cl)B(O)O,25183872,ixazomib,BRD-K78659596-001-03-9
CN(C)\N=N\c1ccc(cc1)C(O)=O,23606,CB-10-277,BRD-K59929863-001-01-9
COc1cc(Nc2ncc3CN=C(c4cc(Cl)ccc4-c3n2)c2c(F)cccc2OC)ccc1C(O)=O,24771867,alisertib,BRD-K75295174-001-05-0
CCn1c2nc(N)nc(C)c2cc(-c2cc[nH]n2)c1=O,16123056,voxtalisib,BRD-K56291712-001-01-0
COc1ccc2c(OCc3nnc4ccc(nn34)-c3ccccc3)ccnc2c1,24864821,AMG-208,BRD-K32285926-001-02-1
COC(=O)[C@@H]1C[C@H](OC(C)=O)C(=O)[C@H]2[C@@]1(C)CC[C@H]1C(=O)O[C@@H](C[C@]21C)c1ccoc1,128563,salvinorin-a,BRD-K19284129-001-02-6
COc1cc(ccc1-c1nc2ncccc2[nH]1)S(C)=O,5353,sulmazole,BRD-A22081593-001-11-1
Fc1ccc(Cn2c(NC3CCNCC3)nc3ccccc23)cc1,123618,tecastemizole,BRD-K48195801-001-01-6
CCOC(=O)[C@H](CCc1ccccc1)N[C@H]1CS[C@@H](CN(CC(O)=O)C1=O)c1cccs1,443874,temocapril,BRD-K10784860-003-02-3
CC(C)C(=O)OC[C@]1(O[C@H]([C@H](OC(=O)C(C)C)[C@@H]1OC(=O)C(C)C)n1ccc(N)nc1=O)N=[N+]=[N-],11691726,balapiravir,BRD-K47976015-001-01-2
Cc1cccc(\C=N\Nc2cc(nc(OCCc3ccccn3)n2)N2CCOCC2)c1,10173277,STA-5326,BRD-K41783120-001-02-8
OC[C@H]1O[C@H]([C@H](O)[C@@H]1O)N1CCC(O)NC1=O,29243,tetrahydrouridine,BRD-A86248581-001-01-4
Nc1nc(N)c2nc(-c3cccc(O)c3)c(nc2n1)-c1cccc(O)c1,10427712,TG100-115,BRD-K64785675-001-04-0
CCN1C[C@@]2(CC[C@@H](OC)[C@@]34[C@H]5C[C@H]6[C@H](OC)[C@]5(O)[C@](O)(C[C@@H]6OC)[C@H](C[C@H]23)C14)OC(=O)c1ccccc1NC(C)=O,129010105,lappaconite,BRD-A05906449-004-01-1
CC(C)n1c(C)nc2c(nc(nc12)N1CCOCC1)-c1cnc(N)nc1,46912230,SB-2343,BRD-K98795921-001-01-7
CCc1c(O)cc(O)c(C(=O)c2ccc(OCCN3CCOCC3)c(OC)c2)c1CC(=O)N(CCOC)CCOC,23116322,KW-2478,BRD-K41213548-001-02-0
CCS(=O)(=O)c1cccc(c1)-c1cc(C(=O)NC2CCN(C)CC2)c(C)c2[nH]c3ncc(C)cc3c12,16124208,TAK-901,BRD-K01683783-001-02-6
Oc1nc2ccccc2n1C1CCN(CCOc2ccccc2)CC1,68634,oxiperomide,BRD-K78096648-001-05-7
CC(=O)Nc1ccc(cc1)C(=O)NC(C)(C)C,151118,CPI-1189,BRD-K11073688-001-01-6
Fc1cc2CN(CCn3cc(C4=C(C(=O)NC4=O)c4cnc5ccccn45)c(c1)c23)C(=O)N1CCCCC1,10029385,LY2090314,BRD-K78055238-001-01-8
CCOC(=O)[C@@]1(CCCCCCOc2ccc(Cl)cc2)CO1,9840324,etomoxir,BRD-K32405725-001-02-8
CC[C@H](C)[C@@H]([C@@H](CC(=O)N1CCC[C@H]1[C@H](OC)[C@@H](C)C(=O)N[C@@H](Cc1ccccc1)c1nccs1)OC)N(C)C(=O)[C@@H](NC(=O)[C@H](C(C)C)N(C)C)C(C)C,9810929,dolastatin-10,BRD-K78567475-001-01-4
Oc1ccc(cc1)[C@@H]1Oc2ccc(O)cc2[C@@H]2CCC[C@H]12,10286159,erteberel,BRD-K80608265-001-01-6
C[C@H]1[C@H]2[C@H](Cc3ccccc3)NC(=O)[C@]22OC(=O)\C=C/[C@H](O)CCC[C@@H](C)C\C=C\[C@H]2[C@H](O)C1=C,44634701,cytochalasin-b,BRD-K47000838-001-01-6
Cc1[nH]c(\C=C2\C(=O)Nc3ccc(F)cc23)c(C)c1C(=O)NC[C@H](O)CN1CCOCC1,87217390,SU014813,BRD-K75911534-001-01-6
CCC[C@@H]1C[C@H](N(C)C1)C(=O)N[C@H]([C@H](C)Cl)[C@H]1O[C@H](SC)[C@H](OP(O)(O)=O)[C@@H](O)[C@H]1O,443385,clindamycin-phosphate,BRD-K27771035-001-02-5
O\N=C\c1cc[n+](COC[n+]2ccc(cc2)\C=N\O)cc1,8251,obidoxime,BRD-K33588785-001-01-9
COc1cc2c(Oc3ccc4[nH]c(C)cc4c3F)ncnc2cc1OCCCN1CCCC1,9933475,cediranib,BRD-K86930074-001-05-0
COc1ccc(Cl)c(Nc2nc3ccccc3nc2NS(=O)(=O)c2cccc(NC(=O)C(C)(C)N)c2)c1,56599306,pilaralisib,BRD-K49456274-001-01-9
FC(F)(F)c1ccc(Oc2cccc(C=C3CCN(CC3)C(=O)Nc3cccnn3)c2)nc1,24771824,PF-04457845,BRD-K86816506-001-01-8
CN(C)C[C@H]1CC[C@@H](CC1)Nc1c(cnc2ccc(nc12)-c1cc(Cl)c(O)c(Cl)c1)C(C)=O,135398499,OTS167,BRD-K53417444-003-03-1
Cc1cccc(n1)-c1[nH]c(nc1-c1ccc2OCOc2c1)C(C)(C)C,9858940,SB-505124,BRD-K40109029-001-02-9
Nc1ccn([C@@H]2O[C@@](CO)(N=[N+]=[N-])[C@@H](O)[C@@H]2O)c(=O)n1,11514721,Ro-9187,BRD-K57284066-001-01-6
COc1ccc(CNCc2cccc3ccccc23)cc1,781301,ML133,BRD-K33743361-003-02-6
CCNC(=O)c1[nH]nc(c1-c1ccc(OC)cc1)-c1cc(Cl)c(O)cc1O,4369536,VER-49009,BRD-K38548312-001-01-0
COc1ccc(NC(=O)c2ccc(cc2)-c2ccc(cc2C)-c2noc(C)n2)cc1OCCN(C)C,3292447,SB-216641,BRD-K30867024-003-03-3
CC(=O)c1cc(c(Sc2cccc(Cl)c2Cl)s1)[N+]([O-])=O,2819993,P5091,BRD-K13606314-001-01-3
Cc1oc(nc1CCN1CCC2(CC1)OC(=O)Nc1ccc(C)cc21)-c1ccccc1,9953769,RS-504393,BRD-K87510569-001-02-8
Cn1cnc(c1)-c1cc2nccc(Oc3ccc(NC(=S)NC(=O)Cc4ccccc4)cc3F)c2s1,24901704,MGCD-265,BRD-K56277358-001-07-5
Cc1ccc2N=C3N(CC[C@@]3(O)C(=O)c2c1)c1ccccc1,5287792,blebbistatin-(-),BRD-K61295575-001-03-6
NC(=N)Nc1ccc(Cl)cc1,2757788,4-chlorophenylguanidine,BRD-K39160765-003-02-9
COc1ccc(C[C@H]2NC[C@H](O)[C@H]2OC(C)=O)cc1,253602,anisomycin,BRD-K91370081-001-25-1
Nc1nc(N)c2nc(cnc2n1)-c1cccc(O)c1,17751063,TG-100713,BRD-K46392623-001-02-5
CC(C)(C#N)c1ccc(cc1)N1C(=O)OCc2cnc3ccc(cc3c12)-c1cnc2ccccc2c1,72199292,ETP-46464,BRD-K24556407-001-02-3
Clc1cccc(NC(=O)c2ccccn2)c1,836002,VU0364770,BRD-K66527818-001-02-6
CC(C)(C)c1cc(C=C(C#N)C#N)cc(c1O)C(C)(C)C,5614,tyrphostin-A9,BRD-K40255344-001-17-6
CCCN(C\C=C\I)C1CCc2cccc(O)c2C1,6142670,8-hydroxy-PIPAT,BRD-A60594020-034-01-1
CNC(=O)Nc1ccc(cc1)-c1nc(N2CC3CCC(C2)O3)c2cnn(C3CCC4(CC3)OCCO4)c2n1,25260757,WYE-125132,BRD-A45498368-001-07-1
CCOc1ccccc1N\N=C1C(=O)N(N=C\1C)c1nc(cs1)-c1ccccc1,3101542,BAM7,BRD-K07442505-001-03-6
C[C@]12CC[C@H]3[C@@H](CCC4=CC(=O)CC[C@]34C)[C@@H]1CC[C@@H]2C(=O)CO,6166,desoxycortone,BRD-K98521173-001-19-4
O=C1O[C@@]23C[C@@H](C=CC2=C1)N1CCCC[C@H]31,442872,securinine,BRD-K49071277-001-04-7
ClC1=C(N2CCOCC2)C(=O)N(C1=O)c1ccc(Cl)c(Cl)c1,1074953,RI-1,BRD-K79555887-001-01-0
FC(F)(F)c1cccc(c1)\C=C1\SC(=O)NC1=O,1361332,SMI-4a,BRD-K70159787-001-01-1
CNC(=O)c1ccccc1Nc1cc(Nc2ccc(cc2OC)N2CCOCC2)ncc1C(F)(F)F,25073775,VS-4718,BRD-K09877029-001-01-2
Cc1ccc(cc1)-c1c(cnn1C)-c1nn(C)c2ncnc(N3CC[C@@H](C3)N3CCCCC3)c12,71315139,PF-4981517,BRD-K78318619-001-02-7
CC(C)n1cnc2c(cc(Cl)cc12)C(=O)N[C@H]1CN2CCC1CC2,6604794,RS-16566,BRD-K80725821-300-02-9
OC(=O)Cc1cccnc1C(O)=O,3080554,homoquinolinic-acid,BRD-K30519779-001-03-1
CCn1c(N)c(C(=O)NC)c(=O)c2ccc(nc12)C#C[C@@](C)(O)COC,71295845,SAR131675,BRD-K38904395-001-02-3
Oc1ccc([N+][O-])c2cccnc12,19103,NSC-3852,BRD-K13169950-001-14-4
COc1cc(ccc1Nc1ncc(Cl)c(Nc2ccccc2S(=O)(=O)C(C)C)n1)N1CCC(CC1)N1CCN(C)CC1,16038120,NVP-TAE684,BRD-K50140147-001-10-1
CC(=O)NC1=NN(C(C)=O)C(C)(S1)c1ccccc1,2930014,K-858,BRD-A67748489-001-10-0
Cc1nc[nH]c1CCN,37463,4-methylhistamine,BRD-K70821460-300-02-4
CCc1cc(Nc2nccc(n2)-c2c(nc3ccccn23)-c2ccc(OC)c(c2)C(=O)Nc2c(F)cccc2F)c(OC)cc1N1CCC(CC1)N1CCN(CC1)S(C)(=O)=O,25124816,GSK1904529A,BRD-K04833372-001-06-2
CC(C)(C)c1ccc(cc1)-c1nc2ccccc2[nH]1,899323,ZLN005,BRD-K73073971-001-01-7
CCCCCCCCCCCC[N+](C)(C)CCOc1ccccc1,3149,domiphen,BRD-K30431096-004-01-3
Cc1c(cnn1-c1ccc(Cl)cc1)C(=O)Nc1ccc(N2CCC(CC2)N2CCOCC2)c(c1)C#N,22227931,Y-320,BRD-K96259238-001-01-4
Clc1ccc2[nH]c(=O)c(-c3nc4ccccc4[nH]3)c(N[C@@H]3CN4CCC3CC4)c2c1,135399748,CHIR-124,BRD-K02241333-001-02-7
CN(C)C(=S)SC(=S)N(C)C,7347,tetramethylthiuram-monosulfide,BRD-K36889451-001-01-1
CCCCN(Cc1ccc(cc1)C(=O)NO)C(=O)Nc1ccccc1,71462653,nexturastat-a,BRD-K70402238-001-02-8
Cc1n[nH]c2ccc(cc12)-c1cncc(OC[C@@H](N)Cc2ccccc2)c1,11314340,A-674563,BRD-K78177893-001-02-4
NCCCC(O)=O,119,gamma-aminobutyric-acid,BRD-K77245796-003-01-6
CC(C)n1cnc2c(NCCc3ccc(O)cc3)nc(nc12)-c1csc2ccccc12,46199207,stemregenin-1,BRD-K36739687-001-03-0
CS(=O)(=O)Nc1c(O)ccc2C(CCCc12)C1=NCCN1,4038180,A61603,BRD-A83650191-004-02-8
CN1CCN(CC1)c1ccc(Nc2ncc(Cl)c(Oc3cccc(NC(=O)C=C)c3)n2)cc1,44607360,WZ-3146,BRD-K73293050-001-03-1
Nc1nc(Nc2ccc(cc2)S(N)(=O)=O)nn1C(=O)c1c(F)cccc1F,5330790,JNJ-7706621,BRD-K11636097-001-03-1
[I+]1c2ccccc2-c2ccccc12,3101,diphenyleneiodonium,BRD-K65814004-003-02-9
Cn1cc(cn1)-c1ccc2ncc(Cc3ccc4ncccc4c3)n2n1,44206063,NVP-BVU972,BRD-K77943374-001-02-8
C[C@@H]1C(=O)O[C@H]2CC34[C@H]5C[C@@H](C(C)(C)C)[C@@]33[C@@H](O)C(=O)O[C@H]3O[C@@]4(C(=O)O5)[C@@]12O,23817960,ginkgolide-a,BRD-A95121829-001-08-9
CN1CCN(CC1)c1ccc(Nc2ncc(C)c(Nc3cccc(c3)S(=O)(=O)NC(C)(C)C)n2)cc1,16722832,TG-101209,BRD-K39841531-001-02-1
Clc1ccc(Cn2cc(C=O)c3ccccc23)cc1,872445,oncrasin-1,BRD-K43449605-001-01-0
Oc1ccc(cc1O)\C=C(/C#N)C(=O)Nc1ccccc1,5328771,tyrphostin-AG-494,BRD-K34533029-001-08-5
COc1cc2ncnc(Nc3cccc(Cl)c3)c2cc1OC,2051,tyrphostin-AG-1478,BRD-K68336408-001-10-9
NC(=O)C(=C\c1ccc(O)c(O)c1)\C#N,5328768,tyrphostin-AG-99,BRD-K60184833-001-05-6
Cc1ccc(c(C)c1)-c1csc(NC(=O)c2ccccc2)n1,959043,INH1,BRD-K70177501-003-01-4
CCCCC(CC)C\N=C(/N)N\C(N)=N\CCCCCC\N=C(/N)N\C(N)=N\CC(CC)CCCC,2090,alexidine,BRD-A27883417-300-01-6
NC1(Cc2ccc(Cl)cc2)CCN(CC1)c1ncnc2[nH]ccc12,17751819,CCT128930,BRD-K76406695-001-02-9
O=C1c2ccccc2C(NC2CCCCC2)\C1=C/c1ccccc1,6419844,CID-5458317,BRD-A08840375-001-01-3
Cc1cc(I)ccc1Nc1c(F)c(F)c(F)cc1C(=O)NOCC1CC1,9956637,PD-198306,BRD-K88677950-001-03-9
OC[C@H](O)[C@H](O)[C@H](O)CO,6912,ribitol,BRD-K49313711-001-05-4
C(N1CCC(CC1)n1ncc2c(nc(nc12)-c1ccc2[nH]ccc2c1)N1CCOCC1)c1cccnc1,25229526,WAY-600,BRD-K85920262-001-02-1
COC(=O)[C@H](CC(C)C)NC(=O)c1ccc(NC[C@@H](N)CS)cc1-c1cccc2ccccc12,9811606,GGTI-298,BRD-K19669037-001-01-1
CC(N)(C(O)=O)c1ccc(cc1)-c1nnn[nH]1,1212,MTPG,BRD-A28329383-001-02-1
CC(OC(=O)Nc1c(C)noc1-c1ccc(CSCCC(O)=O)cc1)c1ccccc1Cl,10367662,KI-16425,BRD-A25569250-001-03-3
Brc1cnc(Nc2cccc(NC(=O)N3CCCC3)c2)nc1NCCc1c[nH]cn1,11754511,BX-912,BRD-K49669041-001-08-4
CCC1CCC2OC3(CC[C@@H](C)C(C[C@H](C)O)O3)[C@H](C)C(OC(=O)\C=C\[C@@H](C)[C@H](O)[C@@H](C)C(=O)[C@H](C)[C@@H](O)[C@H](C)C(=O)[C@@](C)(O)[C@H](O)[C@@H](C)C\C=C\C=C\1)[C@H]2C,52947716,oligomycin-a,BRD-A81541225-001-06-8
CCC1CCC2OC3(CC[C@@H](C)C(C[C@H](C)O)O3)[C@H](C)C(OC(=O)\C=C\[C@@H](C)[C@H](O)[C@@H](C)C(=O)[C@H](C)[C@@H](O)[C@H](C)C(=O)[C@@](C)(O)[C@H](O)[C@@H](C)C\C=C\C=C\1)[C@H]2C,134750119,oligomycin-a,BRD-A81541225-001-06-8
O=C1c2ccccc2-n2c1nc1ccccc1c2=O,73549,tryptanthrin,BRD-K76973696-001-12-6
CN1CCN(CC1)c1ccc(Nc2ncc(Cl)c(Sc3cccc(NC(=O)C=C)c3)n2)cc1,44607531,WZ8040,BRD-K81728688-001-04-4
COc1nccc(n1)-c1c(ncn1[C@H]1CC[C@H](O)CC1)-c1ccc(F)cc1,5166,SB-239063,BRD-K82091397-001-03-0
CCCCCCCC\C=C/CCCCCCCC(=O)NCCc1ccc(O)c(O)c1,5282106,OLDA,BRD-K95523387-001-09-6
NC(=N)NC(=N)Nc1ccccc1,4780,1-phenylbiguanide,BRD-K31491153-003-05-9
COc1cc(N)c(Cl)cc1C(=O)CCC1CCN(CCNS(C)(=O)=O)CC1,133076,RS-67506,BRD-K50018155-003-02-1
O=C(Nc1nc2cccc(-c3ccc(CN4CCS(=O)(=O)CC4)cc3)n2n1)C1CC1,49831257,filgotinib,BRD-K16803204-001-01-6
C[C@@]1(CO)[C@H](O)CC[C@@]2(C)[C@H]1CC[C@H]1C[C@@H]3C[C@]21CC[C@]3(O)CO,457964,aphidicolin,BRD-K85140930-001-12-7
ONC(=O)c1cnc(nc1)N1CCN(CC1)S(=O)(=O)c1ccc2ccccc2c1,10309899,R306465,BRD-K86687746-001-01-3
CN[C@@H]1C[C@H]2O[C@@](C)([C@@H]1OC)n1c3ccccc3c3c4[C@H](O)NC(=O)c4c4c5ccccc5n2c4c13,3078519,7-hydroxystaurosporine,BRD-K45293975-001-02-0
Cn1c(COP(=O)(NCCBr)NCCBr)cnc1[N+]([O-])=O,11984561,TH-302,BRD-K20958582-001-01-4
C[C@]12OC(C[C@]1(O)CO)n1c3ccccc3c3c4C(=O)NCc4c4c5ccccc5n2c4c13,9932888,lestaurtinib,BRD-A27376179-001-01-3
CC(=O)NC1[C@@H](O)OC(CO)[C@@H](O)[C@H]1O,16394588,N-acetylmannosamine,BRD-A92872453-001-01-8
CC[C@H](C(=O)N1CCCC[C@H]1C(=O)O[C@H](CCc1ccc(OC)c(OC)c1)c1cccc(OCC(=O)NCCNC(=O)COc2cccc(c2)[C@@H](CCc2ccc(OC)c(OC)c2)OC(=O)[C@@H]2CCCCN2C(=O)[C@@H](CC)c2cc(OC)c(OC)c(OC)c2)c1)c1cc(OC)c(OC)c(OC)c1,16135625,AP1903,BRD-K28383148-001-01-4
Nc1ccc(cc1)S(=O)(=O)NC(=O)c1ccccc1,5319,sulfabenzamide,BRD-K59983611-001-21-9
Cc1ccc(Cl)cc1N(CC(=O)Nc1c(F)cccc1F)S(C)(=O)=O,2210370,FPH1-(BRD-6125),BRD-K61250484-001-02-3
CN1[C@@H]2CC[C@H]3[C@@H]4CC[C@H](C(=O)NCc5nc6cccnc6[nH]5)[C@@]4(C)CC[C@@H]3[C@@]2(C)C=C(F)C1=O,11950726,MK-0773,BRD-K38868394-001-01-3
CC(C)S(=O)(=O)NC[C@H](C)c1ccc(cc1)-c1ccc(CCNS(C)(=O)=O)cc1,9889366,mibampator,BRD-K42981054-001-01-9
Nc1ccc2cc3ccc(N)cc3nc2c1,7099,proflavine-hemisulfate,BRD-K68408467-065-01-8
CN[C@H](C(=O)N[C@H](C(=O)N(C)[C@@H](C(C)C)\C=C(/C)C(O)=O)C(C)(C)C)C(C)(C)c1ccccc1,6918637,taltobulin,BRD-K87512222-019-01-7
COc1ncc(cc1NS(=O)(=O)c1ccc(F)cc1F)-c1ccc2nccc(-c3ccnnc3)c2c1,25167777,GSK2126458,BRD-K07972848-001-02-0
CCOC(=O)c1ccccc1OC(=O)CCCCCCCC(=O)Oc1ccccc1C(=O)OCC,4342838,TU-2100,BRD-K44590731-001-01-7
O=C1N(CCCCN2CCN(CC2)c2ncccn2)S(=O)(=O)c2ccccc12,56971,ipsapirone,BRD-K90574421-001-03-5
COC[C@H](NC(=O)[C@H](COC)NC(=O)c1cnc(C)s1)C(=O)N[C@@H](Cc1ccccc1)C(=O)C1(C)CO1,17753743,oprozomib,BRD-A36331462-001-02-1
Fc1ccc(C(=O)NOCC2CC2)c(Nc2ccc(I)cc2Cl)c1F,6918454,PD-184352,BRD-K05104363-001-10-0
CC(C)NCCCn1c(Sc2cc3OCOc3cc2I)nc2c(N)ncnc12,9549213,PU-H71,BRD-K36529613-001-02-6
COC1CCN(CC1)C(=O)c1cc(Cc2n[nH]c(=O)c3ccccc23)ccc1F,44199317,AZD2461,BRD-K85014146-001-02-5
Cc1ccc(CCCO)c(NCc2ccc3nc(NCCCN4CCOCC4)n(Cc4nc(C)ccc4O)c3c2)c1,11249932,TMC-353121,BRD-K66097663-001-01-8
CCN(CC)CCN(Cc1ccc(cc1)-c1ccc(cc1)C(F)(F)F)C(=O)Cn1c2CCCc2c(=O)nc1SCc1ccc(F)cc1,9939609,darapladib,BRD-K19085898-001-01-8
CN1CCN(CC1)C(C)(C)C#Cc1cc2ncnc(Nc3ccc(F)c(Cl)c3)c2cc1NC(=O)C=C,9806229,AV-412,BRD-K23190681-001-01-1
CNC(=O)c1cc(COc2nnc(Nc3ccc(Cl)cc3)c3ccoc23)ccn1,9808844,telatinib,BRD-K84564571-001-02-4
O=C(Nc1ccncc1)Nc1ccc(cc1)-c1nc(nc(n1)N1CCOCC1)N1C2CCC1COC2,46947264,PKI-179,BRD-A28467416-002-01-0
OC[C@@H]1[C@@H](O)[C@H](O)[C@H](O)[C@H]2NC(=O)C(=O)N12,130611,kifunensine,BRD-K02898090-001-02-7
COc1cc2ncnc(Nc3cccc(Br)c3)c2cc1OC,4705,PD-153035,BRD-K26603252-003-04-9
CSC1SCC2N(C)C(=O)C(C)NC(=O)C(COC(=O)C(C(C)C)N(C)C(=O)C1N(C)C(=O)C(C)NC(=O)C(COC(=O)C(C(C)C)N(C)C2=O)NC(=O)c1cnc2ccccc2n1)NC(=O)c1cnc2ccccc2n1,3197,echinomycin,BRD-A68969091-001-12-7
OC[C@@H]1O[C@@H](Oc2ccc(CO)cc2)[C@H](O)[C@@H](O)[C@@H]1O,129010091,gastrodin,BRD-K81613478-001-01-8
CC(C)c1ccc(cc1S(C)(=O)=O)C(=O)N=C(N)N,151172,cariporide,BRD-K21670884-001-01-9
CC(C)(O)CC(=O)NCCn1ccc2ncnc(Nc3ccc(Oc4cccc(c4)C(F)(F)F)c(Cl)c3)c12,11620908,TAK-285,BRD-K80343549-001-02-6
OC(=O)c1cn(C2CC2)c2c(C#N)c(N3C[C@@H]4NCCO[C@H]4C3)c(F)cc2c1=O,11567473,finafloxacin,BRD-K98384930-003-01-5
C[C@]12CCC3=C4CCC(=O)C=C4CC[C@H]3[C@@H]1CC[C@@]2(O)CC#N,68861,dienogest,BRD-K50853363-001-02-3
COc1ccc(Cc2cnc(N)nc2N)cc1OC,21453,diaveridine,BRD-K97464279-001-03-5
CCN(CC)CCO[C@H]1CC[C@]2(C)[C@H]3CC[C@@]4(C)[C@@H](CCC4=O)[C@@H]3CC=C2C1,9954083,U-18666A,BRD-K22025381-003-01-9
O=c1[nH]c2[nH]c(=O)[nH]c(=O)c2[nH]1,1175,uric-acid,BRD-K01295354-001-02-8
CC(=O)c1ccc(NS(C)(=O)=O)c(Oc2ccc(F)cc2F)c1,164009,FK-3311,BRD-K38350380-001-01-8
Cn1c(Nc2ccc(cc2)C(F)(F)F)nc2cc(Oc3ccnc(c3)-c3ncc([nH]3)C(F)(F)F)ccc12,11656518,RAF265,BRD-K93123848-001-04-1
Cc1csc(c1)-c1nnc(Nc2ccc(Oc3ncccc3-c3ccnc(N)n3)cc2)c2ccccc12,24856041,AMG900,BRD-K21728777-001-02-3
CCOC(=O)CNC(=O)[C@@H]1CCCN1C(=O)Cc1ccccc1,180496,DVD-111,BRD-K22520627-001-01-7
CNC(=O)c1cccc2cc(ccc12)Oc1ccnc2cc(OCC3(N)CC3)c(OC)cc12,25031915,lucitanib,BRD-K31309378-001-01-5
CC(C)(OCc1nn(Cc2ccccc2)c2ccccc12)C(O)=O,71354,bindarit,BRD-K36467523-001-02-8
C[C@@H](Oc1ccc2[nH]nc(\C=C\c3cnn(CCO)c3)c2c1)c1c(Cl)cncc1Cl,46944259,LY2874455,BRD-K17203476-001-01-9
CN[C@@H](C)C(=O)N[C@@H](C1CCCCC1)C(=O)N1CCC[C@H]1c1nc(cs1)C(=O)c1ccc(F)cc1,24737642,LCL-161,BRD-K08248804-001-01-8
N[C@@H](CCCNC(N)=N)C(=O)NCC(=O)N[C@@H](CC(O)=O)C(=O)N[C@@H](CO)C(O)=O,107775,DU-728,BRD-K08859203-001-01-9
CCN(CC)Cc1ccc2cc(COC(=O)Nc3ccc(cc3)C(=O)NO)ccc2c1,9804992,givinostat,BRD-K13810148-311-03-2
COc1cc2ncnc(Oc3cccc(NC(=O)Nc4cc(on4)C(C)(C)C(F)(F)F)c3)c2cc1OC,56846693,CEP-32496,BRD-K20722021-001-02-1
COc1cc(NC(=O)Nc2cccc(CNC(=O)O[C@H]3CCOC3)c2)ccc1-c1cnco1,153241,merimepodib,BRD-K09372874-001-01-0
C[C@]12CCC3C(CC=C4C[C@@H](O)CC[C@]34C)C1CC=C2n1cnc2ccccc12,11440648,galeterone,BRD-A07986123-001-02-8
CN1CCC\C1=N\C(=O)Nc1c(C)cccc1C,39689,xilobam,BRD-K79633074-001-01-8
CC[C@@H](Nc1c(Nc2cccc(C(=O)N(C)C)c2O)c(=O)c1=O)c1ccc(C)o1,9865554,navarixin,BRD-K82850175-001-01-1
CN(C)CCNc1nc2cc(O)ccc2c2-c3ccccc3C(=O)c12,135413533,TAS-103,BRD-K09426783-300-01-0
CC(C)C[C@H](NC(=O)CNC(=O)c1cc(Cl)ccc1Cl)B1OC(=O)CC(CC(O)=O)(O1)C(O)=O,49867936,ixazomib-citrate,BRD-A66419424-001-02-4
Cn1cnc2c(F)c(Nc3ccc(Br)cc3F)c(cc12)C(=O)NOCCO,10288191,MEK162,BRD-K82244583-001-01-3
CC(C)Oc1ccc(cc1Cl)C(=O)N[C@H](CNC(=O)CN(C)C)Cc1ccc(cc1)-c1cn2cccc([C@H](C)O)c2n1,46898058,GSK923295,BRD-K89015388-001-01-7
CCn1cc(c(n1)-c1ccc(NC(=O)N(C)C)cc1)-c1ccnc2[nH]c(cc12)-c1cccc(CN(C)C)c1,46885626,GSK1070916,BRD-K36740062-001-06-6
C[C@H](CCC(O)=O)[C@H]1CC[C@H]2[C@@H]3C[C@H](O)[C@@H]4C[C@H](O)CC[C@]4(C)[C@H]3CC[C@]12C,5283820,hyodeoxycholic-acid,BRD-K44009692-001-02-3
COc1cc(NC2CN(CCF)C2)ccc1Nc1ncc(c(Nc2cccc(NC(=O)C=C)c2)n1)C(F)(F)F,56968072,CNX-2006,BRD-K24869513-001-02-1
C(C#CCN1CCCC1)N1CCCC1,5534,tremorine,BRD-K08619838-300-05-7
[O-][N+](=O)c1ccc2C=CS(=O)(=O)c2c1,2779853,stattic,BRD-K17061841-001-03-5
Fc1c(Cl)cccc1C(=O)N1CCN(Cc2cccc(Nc3nccs3)n2)CC1,11676373,MK-8745,BRD-K25279140-001-01-5
Cc1cccc(CC(=O)N2CCc3c2ccc(-c2cn(C)c4ncnc(N)c24)c3F)n1,53469059,GSK2656157,BRD-K41104902-001-01-3
Cc1c(F)c(ccc1C(=O)N1CCOc2ccc(cc2C1)-c1ccc(N)nc1)S(C)(=O)=O,59604787,XL388,BRD-K03549949-001-01-0
C[C@@H]1CC2C3C[C@H](F)C4=CC(=O)C=C[C@]4(C)[C@@]3(F)[C@@H](O)C[C@]2(C)[C@@]1(O)C(=O)COC(=O)C(C)(C)C,5702055,flumethasone-pivalate,BRD-A50064262-001-04-7
Fc1ccc(Oc2ccc3nc(NC(=O)C4CC4)sc3c2C#N)cc1NC(=O)Cc1cccc(c1)C(F)(F)F,46209401,TAK-632,BRD-K31866293-001-01-6
ClCCC(=O)NCCc1ccccc1,9376,fenaclon,BRD-K08791496-001-01-0
CCc1cccc(CC)c1NC(=O)N1Cc2[nH]nc(NC(=O)c3ccc(cc3)N3CCN(C)CC3)c2C1,11249084,PHA-680632,BRD-K09443272-001-03-3
FC(F)c1nc2ccccc2n1-c1nc(nc(n1)N1CCOCC1)N1CCOCC1,11647372,ZSTK-474,BRD-K63068307-001-08-9
CO[C@@H]1CN(CCO1)[C@H]1C[C@H](O[C@H]2C[C@@](O)(Cc3c(O)c4C(=O)c5cccc(OC)c5C(=O)c4c(O)c23)C(=O)CO)O[C@@H](C)[C@H]1O,65907,nemorubicin,BRD-K51911221-001-01-2
CCNC1(CCN(CC1)c1ncnc2n(c(nc12)-c1ccccc1Cl)-c1ccc(Cl)cc1)C(N)=O,10052040,"CP-945,598",BRD-K09090949-001-01-9
NC1CCN(CC1)c1cccc(Cl)n1,131747,SR-57227A,BRD-K09397065-003-06-1
CC(C)[C@H](C(=O)Nc1ccc(cc1)C(=O)NO)c1ccccc1,6918848,AR-42,BRD-K13167095-001-02-9
CN(C)[C@]1(CC[C@@]2(CC1)OCCc1c2[nH]c2ccc(F)cc12)c1ccccc1,11848225,cebranopadol,BRD-K48141473-001-01-7
Nc1nc(=O)n(cc1Cl)[C@H]1C[C@@H](O)[C@@H](CO)O1,92132144,cytochlor,BRD-K48988407-001-01-2
CN(C)Cc1c(oc2ccccc12)C(=O)NCCOc1ccc(cc1)C(=O)NO,11749858,PCI-24781,BRD-K12867552-001-04-7
FC(F)(F)c1cc(cc(c1)C(F)(F)F)-c1ncn(\C=C/C(=O)NNc2cnccn2)n1,71481097,selinexor,BRD-K21361524-001-01-1
CCC[C@H](Nc1nc(ncc1C)-c1ccc(NC(=O)NCC)c(OC)c1)c1cccnc1,11351021,CYT-997,BRD-K23363278-001-02-1
O=C(N1CCNCC1)c1ccc(cc1)\C=C\c1n[nH]c2ccccc12,11427553,KW-2449,BRD-K21718444-001-06-8
COC(=O)Nc1nc2cc(SC(C)C)ccc2[nH]1,6604471,methiazole,BRD-K02764365-001-13-6
COc1cc(ccc1\N=N\c1ccc2c(cc(c(N)c2c1O)S(O)(=O)=O)S(O)(=O)=O)-c1ccc(\N=N\c2ccc3c(cc(c(N)c3c2O)S(O)(=O)=O)S(O)(=O)=O)c(OC)c1,17461,chicago-sky-blue-6b,BRD-K56483981-342-06-4
COc1cc(cc(c1)C(F)(F)F)-c1ncn(\C=C/C(=O)OC(C)C)n1,53495165,KPT-185,BRD-K71467466-001-02-3
COCCOc1cc2ncnc(Nc3cccc(c3)C#C)c2cc1OCCO,10317566,OSI-420,BRD-K73309154-003-02-8
COc1ccccc1N1CCN(CCCCN2C(=O)c3ccccc3C2=O)CC1,4431,"NAN-190",BRD-K69195780-004-08-4
Oc1ccc2ccccc2c1,8663,beta-naphthol,BRD-K21164796-001-02-8
CN1CCN(CC1)S(=O)(=O)c1ccc(cc1)-c1cnc(N)c(n1)C(=O)Nc1cccnc1,10138980,AZD2858,BRD-K85849709-001-01-5
Nc1nc(N)c([N+][O-])c(OCC2CCCCC2)n1,398148,NU6027,BRD-K03294269-001-08-0
Fc1cc(F)c2NC([C@@H]3CC=C[C@@H]3c2c1)c1cccnc1,25113626,golgicide-a,BRD-A57886255-001-01-1
NCCCCNCCCN,1102,spermidine,BRD-K40438880-305-06-6
O[C@@H]([C@@H](O)[C@H]1CO1)[C@@H]1CO1,15942827,dianhydrogalactitol,BRD-K68502831-001-01-2
[O-][N+]N(CCCl)C(=O)NCCCl,2578,carmustine,BRD-K36234266-001-09-8
COP(=O)(OC)OC=C(Cl)Cl,3039,dichlorvos,BRD-K23779958-001-05-8
NCCCC(N)C(O)=O,389,ornithine,BRD-A13561534-003-02-0
N.CC(O)C(O)=O,62358,ammonium-lactate,BRD-M29182745-001-01-4
CC(=O)O[Hg]c1ccccc1,9905811,phenylmercuric-acetate,BRD-K74193284-001-04-8
CN(C)CCS,25799,captamine,BRD-K81645907-001-01-1
CC(=O)N[C@@H](CSSC[C@H](NC(C)=O)C(O)=O)C(O)=O,6995101,D-7193,BRD-K32372024-001-01-0
CC(C)=CCCC(C)(O)C=C,6549,linalool,BRD-A43082461-001-06-3
Cc1nc2ccccc2n1Cc1ccc(Cl)cc1,71821,chlormidazole,BRD-K60443845-001-08-6
OC\C=C\C(O)=O,6155526,trans-4-Hydroxycrotonic-acid,BRD-K91614056-001-02-2
OCC(O)C1O[Sb]2(O)(O[Sb]34(O)OC(C(O)CO)C(O3)C(O4)C(O)=O)OC1C(O2)C(O)=O,90661669,sodium-stibogluconate,BRD-A60786380-412-01-5
CN1CCCN=C1COC(=O)C(O)(C1CCCCC1)c1ccccc1,4642,oxyphencyclimine,BRD-A58193911-003-18-7
Cc1occc(=O)c1O[V](=O)Oc1c(C)occc1=O,3035454,bis(maltolato)oxovanadium(IV),BRD-K16180792-001-01-7
OC(=O)c1ccc(SSc2ccc(cn2)C(O)=O)nc1,85040,carboxypyridine-disulfide,BRD-K26530649-001-01-6
CN(C)C1CCN(Cc2ccc(cc2C(F)(F)F)C(=O)Nc2ccc(C)c(Nc3ncc(cn3)-c3cncnc3)c2)C1,74333653,bafetinib,BRD-A75975749-001-01-4
CSc1ccc(cc1)C(=O)c1[nH]c(O)nc1C,53708,enoximone,BRD-K21152241-001-07-3
NC(=O)c1nnn(Cc2cc(Cl)c(C(=O)c3ccc(Cl)cc3)c(Cl)c2)c1N,108144,carboxyamidotriazole,BRD-K68408772-001-05-4
COc1cc(OC)cc(c1)N(CCNC(C)C)c1ccc2ncc(nc2c1)-c1cnn(C)c1,67462786,erdafitinib,BRD-K84868168-001-01-0
C1C(=C2NCCN2)C1(c1ccccc1)c1ccccc1,129009921,cibenzoline,BRD-K34251960-036-01-6
COc1cc(cc(OC)c1OP(O)(O)=O)[C@H]1[C@@H]2[C@H](COC2=O)[C@H](O[C@@H]2O[C@@H]3CO[C@@H](C)O[C@H]3[C@H](O)[C@H]2O)c2cc3OCOc3cc12,6918092,etoposide-phosphate,BRD-K72533376-001-01-2
NNC(=O)CN1c2ccc(Br)cc2C(=NCC1=O)c1ccccc1,121919,gidazepam,BRD-K22588750-001-07-0
Nc1ccc(F)cc1NC(=O)c1ccc(CNC(=O)\C=C\c2cccnc2)cc1,9800555,chidamide,BRD-K28537285-001-01-8
O=C1CN=C(c2c3CCCCc3sc2N1)c1ccccc1,135412795,bentazepam,BRD-K89490285-001-08-1
CO[C@@H](C)Cn1c2c(cnc3ccc(cc23)-c2cncc(c2)C(C)(C)O)n(C)c1=O,57519748,LY3023414,BRD-K82967180-001-01-6
CCCCCCOC(=O)CCC(=O)CN,6433083,hexaminolevulinate,BRD-K73753850-003-01-6
Oc1ccc(cc1)C1=Cc2ccc(O)cc2OC1,219100,idronoxil,BRD-K74671368-001-01-8
CCc1nc(C(N)=O)c(Nc2ccc(N3CCC(CC3)N3CCN(C)CC3)c(OC)c2)nc1NC1CCOCC1,49803313,gilteritinib,BRD-K72280606-001-01-2
OC(=O)[C@@H](Cc1ccc(O)c(O)c1)OC(=O)\C=C\c1ccc(O)c2O[C@H]([C@H](C(=O)O[C@H](Cc3ccc(O)c(O)c3)C(O)=O)c12)c1ccc(O)c(O)c1,11629084,salvianolic-acid-B,BRD-K18898553-001-01-1
CC[C@]1(O)C[C@H]2CN(C1)CCc1c([nH]c3ccccc13)[C@@](C2)(C(=O)OC)c1cc2c(cc1OC)N(C)[C@@H]1[C@]22CCN3CC=C[C@](CC)([C@@H]23)[C@@H](O)[C@]1(O)C(N)=O,40839,vindesine,BRD-K59753975-001-02-6
CN1CCN(CC1)c1cccc2[nH]c(=O)oc12,6918525,pardoprunox,BRD-K11851476-003-01-7
CC[C@@]1(O)C(=O)OCc2c1cc1-c3nc4cccc([N+]([O-])=O)c4cc3Cn1c2=O,472335,rubitecan,BRD-K79821389-001-03-5
Nc1cc(c(cn1)-c1nc(nc(n1)N1CCOCC1)N1CCOCC1)C(F)(F)F,58507717,PI3K-IN-2,BRD-K62374002-001-01-5
